run,step,g_adv,cos_pos,grad_norm,g_lr,d_lr
plain-original,1,9.292121648788452,0.0,9.54344596598665,0.0005,0.00075
plain-original,2,7.488162994384766,0.6788227260112762,8.75407542885509,0.0005,0.00075
plain-original,3,6.173405408859253,0.8279300928115845,12.05101100012481,0.0005,0.00075
plain-original,4,5.188010334968567,0.8942736834287643,20.511471066477164,0.0005,0.00075
plain-original,5,9.945245027542114,0.7865342646837234,32.53790427638982,0.0005,0.00075
plain-original,6,5.525464296340942,0.8307411521673203,16.70439810838105,0.0005,0.00075
plain-original,7,2.989108681678772,0.9194186478853226,13.49405283541077,0.0005,0.00075
plain-original,8,1.6960406601428986,0.9271368682384491,10.15150716101195,0.0005,0.00075
plain-original,9,1.8800185322761536,0.9248621612787247,9.425861901922055,0.0005,0.00075
plain-original,10,1.9775622189044952,0.9232599437236786,9.490519460256875,0.0005,0.00075
plain-original,11,1.7090913355350494,0.9371664375066757,8.117247754233764,0.0005,0.00075
plain-original,12,1.91800257563591,0.9457073211669922,9.139746736671803,0.0005,0.00075
plain-original,13,1.4660191535949707,0.9405194073915482,8.019659605055827,0.0005,0.00075
plain-original,14,1.7722055613994598,0.943466991186142,8.446203626779644,0.0005,0.00075
plain-original,15,1.6399328112602234,0.9301260709762573,6.864679673788333,0.0005,0.00075
plain-original,16,1.2909506261348724,0.9572771936655045,5.857495697982232,0.0005,0.00075
plain-original,17,1.519342690706253,0.9580908864736557,6.9872796733164035,0.0005,0.00075
plain-original,18,1.316580593585968,0.9498750865459442,6.017998108330594,0.0005,0.00075
plain-original,19,1.0550993978977203,0.9658280462026596,4.4939968340066745,0.0005,0.00075
plain-original,20,1.0301379561424255,0.962594136595726,4.44545912196902,0.0005,0.00075
plain-original,21,0.9793394804000854,0.9612438082695007,3.994126498793071,0.0005,0.00075
plain-original,22,0.9738777726888657,0.9636620432138443,4.01378442153679,0.0005,0.00075
plain-original,23,0.9530893415212631,0.9668452441692352,3.6437155341273013,0.0005,0.00075
plain-original,24,0.9802143275737762,0.9652266204357147,3.4130783417813153,0.0005,0.00075
plain-original,25,0.9969410002231598,0.9641784280538559,3.3419782539901863,0.0005,0.00075
plain-original,26,0.9926123321056366,0.9671360701322556,3.0939223258516044,0.0005,0.00075
plain-original,27,1.0339265167713165,0.9685525745153427,3.3598599558509967,0.0005,0.00075
plain-original,28,0.9873123615980148,0.9698649942874908,3.152031557639251,0.0005,0.00075
plain-original,29,0.9379342943429947,0.9711790680885315,3.139229599975999,0.0005,0.00075
plain-original,30,0.9073668122291565,0.9754441678524017,3.0318595929446905,0.0005,0.00075
plain-original,31,0.8408872187137604,0.9725576639175415,2.6372765533631086,0.0005,0.00075
plain-original,32,0.8453763425350189,0.9721042662858963,2.701166466360282,0.0005,0.00075
plain-original,33,0.8390263915061951,0.9739248007535934,2.4359195599297294,0.0005,0.00075
plain-original,34,0.8589565306901932,0.9720869958400726,2.3787193348354574,0.0005,0.00075
plain-original,35,0.8923399299383163,0.9714274704456329,2.437218969175968,0.0005,0.00075
plain-original,36,0.8640908747911453,0.9761761724948883,2.310765710944469,0.0005,0.00075
plain-original,37,0.8608289659023285,0.9772359877824783,2.367518815823308,0.0005,0.00075
plain-original,38,0.8408176302909851,0.9749944061040878,2.130679767149646,0.0005,0.00075
plain-original,39,0.8318484276533127,0.9756809324026108,2.136101611628178,0.0005,0.00075
plain-original,40,0.8596297353506088,0.9774035811424255,2.130467365686781,0.0005,0.00075
plain-original,41,0.8365110456943512,0.9757014662027359,1.95979473132845,0.0005,0.00075
plain-original,42,0.8678544759750366,0.9751561135053635,2.1007437720503073,0.0005,0.00075
plain-original,43,0.8804811835289001,0.9786780178546906,2.192871654537594,0.0005,0.00075
plain-original,44,0.8818779140710831,0.9792133122682571,2.334697041707858,0.0005,0.00075
plain-original,45,0.8953664004802704,0.9780206382274628,2.6075898809130353,0.0005,0.00075
plain-original,46,0.9828444123268127,0.9801170527935028,3.371278770889661,0.0005,0.00075
plain-original,47,1.103907287120819,0.9699259102344513,4.023411231803703,0.0005,0.00075
plain-original,48,1.370972901582718,0.9797482490539551,5.951017489217979,0.0005,0.00075
plain-original,49,2.3074532747268677,0.9384519159793854,8.240340854276699,0.0005,0.00075
plain-original,50,1.680303692817688,0.9798324406147003,5.074006106633778,0.0005,0.00075
plain-original,51,0.7777846157550812,0.9730722457170486,2.2376051709441205,0.0005,0.00075
plain-original,52,0.9020243585109711,0.9740812033414841,1.8378915275453762,0.0005,0.00075
plain-original,53,1.0013156980276108,0.9729387760162354,2.575146722964395,0.0005,0.00075
plain-original,54,0.8034774661064148,0.973929837346077,2.1484565408217486,0.0005,0.00075
plain-original,55,0.8321629911661148,0.9826594740152359,1.8353997073557908,0.0005,0.00075
plain-original,56,0.8984194695949554,0.9810265749692917,2.437895159140529,0.0005,0.00075
plain-original,57,0.7932792156934738,0.9744474291801453,1.8435134378584273,0.0005,0.00075
plain-original,58,0.8256268799304962,0.9776445925235748,1.9915038048484468,0.0005,0.00075
plain-original,59,0.8023433238267899,0.979638859629631,1.8681756086712795,0.0005,0.00075
plain-original,60,0.7965922653675079,0.9829364717006683,1.7870430008897784,0.0005,0.00075
plain-original,61,0.7877448052167892,0.9836542457342148,1.7826192904492248,0.0005,0.00075
plain-original,62,0.7843881845474243,0.9816313087940216,1.7528835032183903,0.0005,0.00075
plain-original,63,0.7815472632646561,0.9799216985702515,1.6294732329769346,0.0005,0.00075
plain-original,64,0.7881670147180557,0.9810384809970856,1.629462414998083,0.0005,0.00075
plain-original,65,0.7832483053207397,0.9822291433811188,1.5454050884106174,0.0005,0.00075
plain-original,66,0.7678493857383728,0.9831059277057648,1.5243237615700491,0.0005,0.00075
plain-original,67,0.7627061158418655,0.9837534427642822,1.5506683759148527,0.0005,0.00075
plain-original,68,0.7464629262685776,0.9822438955307007,1.4184005992403803,0.0005,0.00075
plain-original,69,0.7514311820268631,0.9813812226057053,1.4493672837468967,0.0005,0.00075
plain-original,70,0.7288263440132141,0.9829864799976349,1.3410012015166848,0.0005,0.00075
plain-original,71,0.7546320706605911,0.980999305844307,1.2998996740550692,0.0005,0.00075
plain-original,72,0.7929141074419022,0.9819288402795792,1.4476558806821578,0.0005,0.00075
plain-original,73,0.7616143375635147,0.9834538847208023,1.4498595837032802,0.0005,0.00075
plain-original,74,0.7362913191318512,0.9824157953262329,1.200749439103389,0.0005,0.00075
plain-original,75,0.7634881287813187,0.9816146492958069,1.2417640026282668,0.0005,0.00075
plain-original,76,0.7564103752374649,0.984546571969986,1.193597992804683,0.0005,0.00075
plain-original,77,0.7623257488012314,0.9854745715856552,1.1605475780011718,0.0005,0.00075
plain-original,78,0.7672626227140427,0.985168844461441,1.1930614900631809,0.0005,0.00075
plain-original,79,0.7505596876144409,0.9846313148736954,1.1415285648281652,0.0005,0.00075
plain-original,80,0.7511096298694611,0.9837412983179092,1.1238639552453562,0.0005,0.00075
plain-original,81,0.7430371791124344,0.9846075922250748,1.0817506337354788,0.0005,0.00075
plain-original,82,0.7472292631864548,0.9845771640539169,1.0265916959101744,0.0005,0.00075
plain-original,83,0.7597430199384689,0.986007496714592,1.1721458310682045,0.0005,0.00075
plain-original,84,0.7379586100578308,0.9849638640880585,1.046673485629364,0.0005,0.00075
plain-original,85,0.7400228679180145,0.9846974164247513,1.0780499034524156,0.0005,0.00075
plain-original,86,0.7411131411790848,0.9852490872144699,1.0975518164870932,0.0005,0.00075
plain-original,87,0.719503179192543,0.9857304245233536,0.9807907248540338,0.0005,0.00075
plain-original,88,0.7258248180150986,0.9854587763547897,0.9380018499504214,0.0005,0.00075
plain-original,89,0.7214879989624023,0.9853198230266571,0.8965983052714026,0.0005,0.00075
plain-original,90,0.7166665494441986,0.9838785827159882,0.8363602921790595,0.0005,0.00075
plain-original,91,0.7218299955129623,0.9839280396699905,0.8196949284245973,0.0005,0.00075
plain-original,92,0.7328528612852097,0.9844382107257843,0.8317862998307954,0.0005,0.00075
plain-original,93,0.7422136962413788,0.9855774194002151,0.8477630168577696,0.0005,0.00075
plain-original,94,0.7432070672512054,0.9859585613012314,0.865023539988748,0.0005,0.00075
plain-original,95,0.738041952252388,0.985830157995224,0.8659272381078422,0.0005,0.00075
plain-original,96,0.7295027673244476,0.9852925688028336,0.8424707865429488,0.0005,0.00075
plain-original,97,0.7233221381902695,0.9855048209428787,0.8408398364675888,0.0005,0.00075
plain-original,98,0.7217590510845184,0.9864438325166702,0.8103079858467668,0.0005,0.00075
plain-original,99,0.7185112237930298,0.9864662140607834,0.8187336491999843,0.0005,0.00075
plain-original,100,0.7105380594730377,0.9863927513360977,0.7784062196672424,0.0005,0.00075
plain-original,101,0.7115448862314224,0.9872725456953049,0.7388159623744249,0.0005,0.00075
plain-original,102,0.7178199142217636,0.9864803701639175,0.749129802852126,0.0005,0.00075
plain-original,103,0.7223089039325714,0.986808180809021,0.749387203259062,0.0005,0.00075
plain-original,104,0.7249439358711243,0.9866936951875687,0.756725145680941,0.0005,0.00075
plain-original,105,0.727780893445015,0.9866931438446045,0.7253806289059516,0.0005,0.00075
plain-original,106,0.7342620491981506,0.98648801445961,0.7484208502177793,0.0005,0.00075
plain-original,107,0.7303998023271561,0.9865470826625824,0.767379146838901,0.0005,0.00075
plain-original,108,0.725248783826828,0.9868985861539841,0.7391678424134711,0.0005,0.00075
plain-original,109,0.7235157638788223,0.9864883869886398,0.7244651084190985,0.0005,0.00075
plain-original,110,0.7249926030635834,0.9864101409912109,0.7408856388902948,0.0005,0.00075
plain-original,111,0.7203906774520874,0.9864600002765656,0.7447444167094753,0.0005,0.00075
plain-original,112,0.7166161388158798,0.9867706894874573,0.7467765180838283,0.0005,0.00075
plain-original,113,0.7091798484325409,0.9867506176233292,0.7430579069778857,0.0005,0.00075
plain-original,114,0.7064427584409714,0.9883458614349365,0.6930848798699583,0.0005,0.00075
plain-original,115,0.7089922875165939,0.987611711025238,0.6712491316933538,0.0005,0.00075
plain-original,116,0.7120985090732574,0.9874793142080307,0.6870877984824416,0.0005,0.00075
plain-original,117,0.7093946784734726,0.9883162081241608,0.6880072275666372,0.0005,0.00075
plain-original,118,0.7048833668231964,0.98841892182827,0.6560336107109476,0.0005,0.00075
plain-original,119,0.7036599367856979,0.9884475767612457,0.6165318481145621,0.0005,0.00075
plain-original,120,0.7060994803905487,0.9875609874725342,0.5994944877574595,0.0005,0.00075
plain-original,121,0.7091460675001144,0.9881050884723663,0.6313749675798531,0.0005,0.00075
plain-original,122,0.7106907814741135,0.9885756075382233,0.6166021088746991,0.0005,0.00075
plain-original,123,0.7168892472982407,0.9874543100595474,0.6170466462068755,0.0005,0.00075
plain-original,124,0.7218664884567261,0.9876890629529953,0.640341430585886,0.0005,0.00075
plain-original,125,0.7232986241579056,0.9877875000238419,0.6661921433770258,0.0005,0.00075
plain-original,126,0.7234515845775604,0.9882914572954178,0.6957819431683196,0.0005,0.00075
plain-original,127,0.7182911187410355,0.9884413331747055,0.6467017103086586,0.0005,0.00075
plain-original,128,0.7183459252119064,0.988843709230423,0.6829613471728996,0.0005,0.00075
plain-original,129,0.7093502879142761,0.9884774684906006,0.5964862720182812,0.0005,0.00075
plain-original,130,0.7213859707117081,0.9879806935787201,0.629240216621717,0.0005,0.00075
plain-original,131,0.7191378772258759,0.9879212975502014,0.5877858222803887,0.0005,0.00075
plain-original,132,0.7232756465673447,0.9875284284353256,0.6104062721267374,0.0005,0.00075
plain-original,133,0.7218377143144608,0.9884216338396072,0.5704223814748631,0.0005,0.00075
plain-original,134,0.7271136343479156,0.9886667728424072,0.5963271275663008,0.0005,0.00075
plain-original,135,0.7237824350595474,0.9886234104633331,0.5627835789890528,0.0005,0.00075
plain-original,136,0.7251196205615997,0.9887087345123291,0.5721919727777189,0.0005,0.00075
plain-original,137,0.7242880463600159,0.9885544925928116,0.5634575889340765,0.0005,0.00075
plain-original,138,0.7197304517030716,0.988567128777504,0.5768924924510616,0.0005,0.00075
plain-original,139,0.7147211730480194,0.9890449643135071,0.5569853500980634,0.0005,0.00075
plain-original,140,0.7154136598110199,0.9889962822198868,0.5742739816687455,0.0005,0.00075
plain-original,141,0.715356171131134,0.9876572638750076,0.5934964910595705,0.0005,0.00075
plain-original,142,0.7085203677415848,0.989173099398613,0.5614418793943237,0.0005,0.00075
plain-original,143,0.7059280574321747,0.9892688393592834,0.574050752669973,0.0005,0.00075
plain-original,144,0.7003357261419296,0.9896707087755203,0.5399428744136786,0.0005,0.00075
plain-original,145,0.7008031010627747,0.9893735945224762,0.5541538141526988,0.0005,0.00075
plain-original,146,0.6993724703788757,0.9888206869363785,0.5068291731710732,0.0005,0.00075
plain-original,147,0.7007021605968475,0.989292711019516,0.5071413965565672,0.0005,0.00075
plain-original,148,0.7004066705703735,0.9895386248826981,0.48879947859206857,0.0005,0.00075
plain-original,149,0.7008705735206604,0.9892321527004242,0.47861559388631614,0.0005,0.00075
plain-original,150,0.7011273503303528,0.9900055229663849,0.46697444266918625,0.0005,0.00075
plain-original,151,0.7049931883811951,0.989388719201088,0.4608400166458541,0.0005,0.00075
plain-original,152,0.7074111998081207,0.9894141405820847,0.47306745083337587,0.0005,0.00075
plain-original,153,0.7075797021389008,0.9896503984928131,0.4647411487257414,0.0005,0.00075
plain-original,154,0.7082531005144119,0.9898771643638611,0.46110041454252765,0.0005,0.00075
plain-original,155,0.7052373290061951,0.9897912591695786,0.4408926399069191,0.0005,0.00075
plain-original,156,0.7069916278123856,0.989473432302475,0.4497349844255266,0.0005,0.00075
plain-original,157,0.7072031795978546,0.9886182844638824,0.44384928653063066,0.0005,0.00075
plain-original,158,0.7082496136426926,0.9886489510536194,0.4582493979351575,0.0005,0.00075
plain-original,159,0.7087173163890839,0.9884667843580246,0.4274217079997971,0.0005,0.00075
plain-original,160,0.7095858007669449,0.9895907044410706,0.4296738841290823,0.0005,0.00075
plain-original,161,0.7144726663827896,0.9899227768182755,0.432615768235649,0.0005,0.00075
plain-original,162,0.7155319899320602,0.9893953055143356,0.4366788874381265,0.0005,0.00075
plain-original,163,0.7158865630626678,0.9900401085615158,0.4442199457382537,0.0005,0.00075
plain-original,164,0.7158531248569489,0.9899745583534241,0.4477864494215175,0.0005,0.00075
plain-original,165,0.7176393419504166,0.9896960854530334,0.45282821585223815,0.0005,0.00075
plain-original,166,0.7114666253328323,0.9902529269456863,0.4468194058283011,0.0005,0.00075
plain-original,167,0.7120849788188934,0.9903007000684738,0.4108879834540432,0.0005,0.00075
plain-original,168,0.7161316871643066,0.9899991005659103,0.44003473451482494,0.0005,0.00075
plain-original,169,0.7110542356967926,0.9902811050415039,0.4443822200472262,0.0005,0.00075
plain-original,170,0.7104839384555817,0.990961879491806,0.45248076588286285,0.0005,0.00075
plain-original,171,0.7043143659830093,0.9908704459667206,0.4143878922710328,0.0005,0.00075
plain-original,172,0.7063060700893402,0.9905852675437927,0.40683024110061156,0.0005,0.00075
plain-original,173,0.7116561383008957,0.9904378950595856,0.4281242100873255,0.0005,0.00075
plain-original,174,0.7098992317914963,0.9905644655227661,0.4466474870575548,0.0005,0.00075
plain-original,175,0.7111357897520065,0.9897962510585785,0.4859482757342327,0.0005,0.00075
plain-original,176,0.7057047337293625,0.9905934482812881,0.4235689233348727,0.0005,0.00075
plain-original,177,0.7098404318094254,0.9909753501415253,0.6496112469038476,0.0005,0.00075
plain-original,178,0.728045254945755,0.9903683513402939,0.737949617068627,0.0005,0.00075
plain-original,179,0.7061602026224136,0.9910888969898224,0.4705973144507702,0.0005,0.00075
plain-original,180,0.7128830254077911,0.991106778383255,0.6910348178039516,0.0005,0.00075
plain-original,181,0.7117782533168793,0.9905132353305817,0.5444352953810164,0.0005,0.00075
plain-original,182,0.6975699067115784,0.9908777922391891,0.4442654784218671,0.0005,0.00075
plain-original,183,0.7153032869100571,0.9903110861778259,0.6416725439072407,0.0005,0.00075
plain-original,184,0.6946789175271988,0.9893994927406311,0.3720157307924364,0.0005,0.00075
plain-original,185,0.7039753943681717,0.9888163357973099,0.5127826021048892,0.0005,0.00075
plain-original,186,0.6951440572738647,0.9895025044679642,0.37242758215203464,0.0005,0.00075
plain-original,187,0.7052879929542542,0.9890823066234589,0.5053405740465765,0.0005,0.00075
plain-original,188,0.6939311474561691,0.9894570112228394,0.3829610554593546,0.0005,0.00075
plain-original,189,0.6949531883001328,0.9888734221458435,0.3995000041889612,0.0005,0.00075
plain-original,190,0.6980386227369308,0.9891708493232727,0.35008476591100324,0.0005,0.00075
plain-original,191,0.7009558826684952,0.9895334094762802,0.425750595121367,0.0005,0.00075
plain-original,192,0.7016739994287491,0.9889290481805801,0.3475144110270142,0.0005,0.00075
plain-original,193,0.7024853378534317,0.9894842058420181,0.4060032283971429,0.0005,0.00075
plain-original,194,0.7037290930747986,0.9893646240234375,0.3542387054202117,0.0005,0.00075
plain-original,195,0.7112126052379608,0.9885772615671158,0.4243226257917182,0.0005,0.00075
plain-original,196,0.705493152141571,0.989176020026207,0.3596686651420954,0.0005,0.00075
plain-original,197,0.7063696682453156,0.9896706193685532,0.394790917967187,0.0005,0.00075
plain-original,198,0.711505800485611,0.9888291954994202,0.3271504757149114,0.0005,0.00075
plain-original,199,0.7160461843013763,0.9893428832292557,0.4208906849464094,0.0005,0.00075
plain-original,200,0.7109441757202148,0.9897071272134781,0.3652725327810322,0.0005,0.00075
plain-original,201,0.7128046452999115,0.9898562729358673,0.39420701496566285,0.0005,0.00075
plain-original,202,0.718855232000351,0.9894672930240631,0.39389306836964344,0.0005,0.00075
plain-original,203,0.716592401266098,0.9903513193130493,0.47565387656396935,0.0005,0.00075
plain-original,204,0.7105812281370163,0.9905248135328293,0.39087393912320434,0.0005,0.00075
plain-original,205,0.7132806330919266,0.990620344877243,0.4092458787323715,0.0005,0.00075
plain-original,206,0.7120484113693237,0.9907347857952118,0.4313954503621993,0.0005,0.00075
plain-original,207,0.7065738141536713,0.9909681230783463,0.39657695155513084,0.0005,0.00075
plain-original,208,0.7077532261610031,0.9910478591918945,0.4062745649190188,0.0005,0.00075
plain-original,209,0.7090363204479218,0.9891443103551865,0.41212579326193394,0.0005,0.00075
plain-original,210,0.7100257128477097,0.9900226891040802,0.46135815008820596,0.0005,0.00075
plain-original,211,0.7014167159795761,0.990622878074646,0.41021035503830444,0.0005,0.00075
plain-original,212,0.7028080970048904,0.9903162568807602,0.4205104678294174,0.0005,0.00075
plain-original,213,0.7039851993322372,0.9896973371505737,0.37155104768454295,0.0005,0.00075
plain-original,214,0.7010788917541504,0.9907055795192719,0.41493679278651163,0.0005,0.00075
plain-original,215,0.6958741247653961,0.9902890622615814,0.33723287169224353,0.0005,0.00075
plain-original,216,0.7005098313093185,0.9902933090925217,0.35344858914162885,0.0005,0.00075
plain-original,217,0.7004026770591736,0.990043506026268,0.37304385648774524,0.0005,0.00075
plain-original,218,0.697974368929863,0.990157425403595,0.4039596540254179,0.0005,0.00075
plain-original,219,0.6952205300331116,0.9901524037122726,0.2832642167328365,0.0005,0.00075
plain-original,220,0.704442635178566,0.9905989319086075,0.38010086603407955,0.0005,0.00075
plain-original,221,0.7052642405033112,0.9899656623601913,0.3561711250475279,0.0005,0.00075
plain-original,222,0.700432226061821,0.9907562881708145,0.33905545345991317,0.0005,0.00075
plain-original,223,0.705530509352684,0.9906760603189468,0.3301408405123805,0.0005,0.00075
plain-original,224,0.7026107162237167,0.9905101954936981,0.32426906163660024,0.0005,0.00075
plain-original,225,0.7071567177772522,0.9905003309249878,0.3611166684736815,0.0005,0.00075
plain-original,226,0.7036755830049515,0.9903193116188049,0.33404668824054823,0.0005,0.00075
plain-original,227,0.70262810587883,0.989745557308197,0.3285589655720849,0.0005,0.00075
plain-original,228,0.7049123048782349,0.990541860461235,0.314929295172645,0.0005,0.00075
plain-original,229,0.7043999284505844,0.9905943721532822,0.3550059735482895,0.0005,0.00075
plain-original,230,0.7024941593408585,0.9899161010980606,0.3282950131997381,0.0005,0.00075
plain-original,231,0.7027658224105835,0.9903506338596344,0.3425908283266012,0.0005,0.00075
plain-original,232,0.7036762535572052,0.9906634837388992,0.3741131765732023,0.0005,0.00075
plain-original,233,0.6991049349308014,0.9914299547672272,0.30049660385445504,0.0005,0.00075
plain-original,234,0.7010604739189148,0.9906035512685776,0.31615611134492494,0.0005,0.00075
plain-original,235,0.7020023167133331,0.9909789562225342,0.32543236380244234,0.0005,0.00075
plain-original,236,0.7004528045654297,0.9900302439928055,0.3296224698673347,0.0005,0.00075
plain-original,237,0.6998847126960754,0.9906695783138275,0.3421400601811383,0.0005,0.00075
plain-original,238,0.6959804743528366,0.9905050098896027,0.2915376744426309,0.0005,0.00075
plain-original,239,0.6986675262451172,0.9903295934200287,0.32873819223399686,0.0005,0.00075
plain-original,240,0.6960638016462326,0.9908576607704163,0.2917329512371521,0.0005,0.00075
plain-original,241,0.6999440789222717,0.9898633509874344,0.31618067925390514,0.0005,0.00075
plain-original,242,0.6995052248239517,0.9896106570959091,0.3196772680945453,0.0005,0.00075
plain-original,243,0.7004622370004654,0.9893130958080292,0.3406867083359209,0.0005,0.00075
plain-original,244,0.6967962682247162,0.9908885657787323,0.28610644027806287,0.0005,0.00075
plain-original,245,0.7036297768354416,0.9908132404088974,0.34531754078426896,0.0005,0.00075
plain-original,246,0.6964200884103775,0.9908627867698669,0.29910118151234416,0.0005,0.00075
plain-original,247,0.7027984112501144,0.9900617301464081,0.31634945640066986,0.0005,0.00075
plain-original,248,0.7013392299413681,0.9907528311014175,0.2990097658603244,0.0005,0.00075
plain-original,249,0.70439612865448,0.9906741082668304,0.28250992848016676,0.0005,0.00075
plain-original,250,0.7048808932304382,0.9905547201633453,0.3345885798241913,0.0005,0.00075
plain-original,251,0.7014986127614975,0.99013851583004,0.27274168530080006,0.0005,0.00075
plain-original,252,0.707612544298172,0.9899385124444962,0.31179235493991486,0.0005,0.00075
plain-original,253,0.7073838263750076,0.9909819066524506,0.33478730186167793,0.0005,0.00075
plain-original,254,0.7044336348772049,0.9912388622760773,0.3116326296932767,0.0005,0.00075
plain-original,255,0.705359160900116,0.9916179329156876,0.3338242597854835,0.0005,0.00075
plain-original,256,0.7038843631744385,0.990557998418808,0.3094466728197488,0.0005,0.00075
plain-original,257,0.708158940076828,0.9899012297391891,0.32581591574623064,0.0005,0.00075
plain-original,258,0.7002754509449005,0.9912666380405426,0.32438088314950175,0.0005,0.00075
plain-original,259,0.7051266431808472,0.9900806844234467,0.30575224697753234,0.0005,0.00075
plain-original,260,0.7012066841125488,0.9909036159515381,0.2992265916842975,0.0005,0.00075
plain-original,261,0.7023425251245499,0.9906493574380875,0.31153378162042766,0.0005,0.00075
plain-original,262,0.7008272856473923,0.9910551756620407,0.309426494129028,0.0005,0.00075
plain-original,263,0.70307457447052,0.9911692887544632,0.338697320104348,0.0005,0.00075
plain-original,264,0.700008749961853,0.9902359545230865,0.33705924195289766,0.0005,0.00075
plain-original,265,0.700288861989975,0.9899837821722031,0.3304207608768918,0.0005,0.00075
plain-original,266,0.6994179338216782,0.9915961027145386,0.3148421650461646,0.0005,0.00075
plain-original,267,0.7000823616981506,0.9910682141780853,0.2863253283091585,0.0005,0.00075
plain-original,268,0.7001145631074905,0.9906986355781555,0.3071378298524609,0.0005,0.00075
plain-original,269,0.6999437659978867,0.9912149906158447,0.29123974397655594,0.0005,0.00075
plain-original,270,0.6991603970527649,0.9913665354251862,0.2924689141373334,0.0005,0.00075
plain-original,271,0.7044831812381744,0.9904575049877167,0.29090541272690584,0.0005,0.00075
plain-original,272,0.7016507983207703,0.990460067987442,0.30563728493264286,0.0005,0.00075
plain-original,273,0.6982832103967667,0.991188257932663,0.26067141714380426,0.0005,0.00075
plain-original,274,0.699822187423706,0.9902887493371964,0.261280173753389,0.0005,0.00075
plain-original,275,0.7020417004823685,0.9909582734107971,0.27681630825000886,0.0005,0.00075
plain-original,276,0.7032338231801987,0.9909606426954269,0.31157184385055864,0.0005,0.00075
plain-original,277,0.699456512928009,0.9910922199487686,0.28527602502729876,0.0005,0.00075
plain-original,278,0.7072754800319672,0.989905446767807,0.32528734394518477,0.0005,0.00075
plain-original,279,0.7050774246454239,0.9910049885511398,0.3472172737921279,0.0005,0.00075
plain-original,280,0.7007457166910172,0.9908129572868347,0.36542705615206394,0.0005,0.00075
plain-original,281,0.7046505361795425,0.9903769493103027,0.3398889275495328,0.0005,0.00075
plain-original,282,0.7004072070121765,0.9912957102060318,0.269814474552309,0.0005,0.00075
plain-original,283,0.7006867378950119,0.9914190322160721,0.350219227608591,0.0005,0.00075
plain-original,284,0.6975873112678528,0.990968644618988,0.318250118353494,0.0005,0.00075
plain-original,285,0.6965247690677643,0.9915423393249512,0.22532215249507825,0.0005,0.00075
plain-original,286,0.7003484219312668,0.9916600286960602,0.3219215250725244,0.0005,0.00075
plain-original,287,0.7010967135429382,0.9910314828157425,0.33541495950786554,0.0005,0.00075
plain-original,288,0.6968923360109329,0.9915914535522461,0.2330138562850536,0.0005,0.00075
plain-original,289,0.7020296007394791,0.9915574640035629,0.3549487633387676,0.0005,0.00075
plain-original,290,0.7028010189533234,0.9914427697658539,0.2921996258499855,0.0005,0.00075
plain-original,291,0.6999666839838028,0.9911132603883743,0.30780509345439483,0.0005,0.00075
plain-original,292,0.7030995041131973,0.9910459369421005,0.3534558841095774,0.0005,0.00075
plain-original,293,0.6994955688714981,0.9914663732051849,0.26482470112480944,0.0005,0.00075
plain-original,294,0.6979951113462448,0.9918436110019684,0.28357649610758145,0.0005,0.00075
plain-original,295,0.7008586376905441,0.9909627586603165,0.3066467791115155,0.0005,0.00075
plain-original,296,0.6992115676403046,0.990030363202095,0.21678347027503456,0.0005,0.00075
plain-original,297,0.7005637586116791,0.9907590597867966,0.277353815243285,0.0005,0.00075
plain-original,298,0.7005133032798767,0.9912075698375702,0.25708347416646793,0.0005,0.00075
plain-original,299,0.6998227089643478,0.9916698038578033,0.22071429205980056,0.0005,0.00075
plain-original,300,0.6997284293174744,0.9910400807857513,0.2260843986403482,0.0005,0.00075
plain-original,301,0.7036755234003067,0.9907212406396866,0.2571273222617714,0.0005,0.00075
plain-original,302,0.6988281309604645,0.9907220155000687,0.24799231777639816,0.0005,0.00075
plain-original,303,0.6999985873699188,0.9905105531215668,0.2504048872366469,0.0005,0.00075
plain-original,304,0.6989502310752869,0.991293266415596,0.24634114653027922,0.0005,0.00075
plain-original,305,0.7041120380163193,0.9912620484828949,0.2779758639626196,0.0005,0.00075
plain-original,306,0.7102704793214798,0.9907814860343933,0.3922609987888526,0.0005,0.00075
plain-original,307,0.710240051150322,0.9910921901464462,0.5013715072879485,0.0005,0.00075
plain-original,308,0.715037614107132,0.9914373159408569,0.475559874963794,0.0005,0.00075
plain-original,309,0.7037067264318466,0.9907549321651459,0.2844225820509378,0.0005,0.00075
plain-original,310,0.7069302648305893,0.990611806511879,0.40455841721368957,0.0005,0.00075
plain-original,311,0.7115355432033539,0.9917341321706772,0.45341118309458983,0.0005,0.00075
plain-original,312,0.7032281011343002,0.9904002696275711,0.27655492471315146,0.0005,0.00075
plain-original,313,0.7010607272386551,0.9911758154630661,0.3388328002510417,0.0005,0.00075
plain-original,314,0.7065633982419968,0.9904223084449768,0.3189399155508769,0.0005,0.00075
plain-original,315,0.7010767906904221,0.9904056191444397,0.30129338608737977,0.0005,0.00075
plain-original,316,0.6980659514665604,0.9916836321353912,0.2892927289145928,0.0005,0.00075
plain-original,317,0.700014665722847,0.9914869517087936,0.2731950833881973,0.0005,0.00075
plain-original,318,0.701537162065506,0.9903579354286194,0.2870541986012029,0.0005,0.00075
plain-original,319,0.7008681297302246,0.9908232688903809,0.3116355670476643,0.0005,0.00075
plain-original,320,0.6986000835895538,0.9906092137098312,0.2649475812652934,0.0005,0.00075
plain-original,321,0.7001716196537018,0.9909384697675705,0.28235639745469543,0.0005,0.00075
plain-original,322,0.7011774182319641,0.9909176081418991,0.28315702203711424,0.0005,0.00075
plain-original,323,0.7006224542856216,0.9916237443685532,0.257753466291748,0.0005,0.00075
plain-original,324,0.701436847448349,0.9912880659103394,0.2996830739490925,0.0005,0.00075
plain-original,325,0.7008513808250427,0.9906223565340042,0.2970843799184818,0.0005,0.00075
plain-original,326,0.6973031312227249,0.991182416677475,0.2521223788376035,0.0005,0.00075
plain-original,327,0.7022335380315781,0.9911798238754272,0.2797537981723586,0.0005,0.00075
plain-original,328,0.7048223912715912,0.991152286529541,0.38130056586113303,0.0005,0.00075
plain-original,329,0.6999824941158295,0.991044893860817,0.23294027863551983,0.0005,0.00075
plain-original,330,0.7026880532503128,0.9899065345525742,0.32145823547799657,0.0005,0.00075
plain-original,331,0.7059058994054794,0.9912031292915344,0.376196976288771,0.0005,0.00075
plain-original,332,0.7029672265052795,0.9913754612207413,0.29488704112391356,0.0005,0.00075
plain-original,333,0.6983094364404678,0.9911634474992752,0.23442757032165942,0.0005,0.00075
plain-original,334,0.7024003863334656,0.9908286929130554,0.2777092421938995,0.0005,0.00075
plain-original,335,0.7061658650636673,0.9921297878026962,0.3298188190502091,0.0005,0.00075
plain-original,336,0.7016525864601135,0.9913146942853928,0.26395796652568587,0.0005,0.00075
plain-original,337,0.6989201605319977,0.9915416538715363,0.26858909811181786,0.0005,0.00075
plain-original,338,0.7009259015321732,0.9909979701042175,0.24783933395436733,0.0005,0.00075
plain-original,339,0.7004418969154358,0.9917850345373154,0.2739811851804995,0.0005,0.00075
plain-original,340,0.6990808993577957,0.9917969405651093,0.23005227977174694,0.0005,0.00075
plain-original,341,0.7026886492967606,0.9910898655653,0.2955890873470761,0.0005,0.00075
plain-original,342,0.7017717659473419,0.9907060116529465,0.23780727779478175,0.0005,0.00075
plain-original,343,0.7017536908388138,0.9908703863620758,0.24929906084181971,0.0005,0.00075
plain-original,344,0.7004332840442657,0.9907394051551819,0.27586167053281296,0.0005,0.00075
plain-original,345,0.6995811462402344,0.990600049495697,0.2418516509975937,0.0005,0.00075
plain-original,346,0.6984058320522308,0.9917733669281006,0.23995472127946973,0.0005,0.00075
plain-original,347,0.6989976912736893,0.9915103316307068,0.2650503148690581,0.0005,0.00075
plain-original,348,0.6999215632677078,0.9910411834716797,0.23865554061096161,0.0005,0.00075
plain-original,349,0.699228048324585,0.992120623588562,0.2734357439532168,0.0005,0.00075
plain-original,350,0.7049777805805206,0.9907792955636978,0.31538264340418926,0.0005,0.00075
plain-original,351,0.6997872889041901,0.9911010414361954,0.24793526749158468,0.0005,0.00075
plain-original,352,0.7000403106212616,0.9917187392711639,0.26865978303990135,0.0005,0.00075
plain-original,353,0.705994039773941,0.990570679306984,0.33633737736732444,0.0005,0.00075
plain-original,354,0.70237797498703,0.9911526292562485,0.2590238462755243,0.0005,0.00075
plain-original,355,0.700662687420845,0.9912350177764893,0.23156940979904425,0.0005,0.00075
plain-original,356,0.7030242532491684,0.9914744645357132,0.2581444828886876,0.0005,0.00075
plain-original,357,0.7012777924537659,0.9917660504579544,0.24836053613942954,0.0005,0.00075
plain-original,358,0.7017045021057129,0.9913014322519302,0.22831108311910703,0.0005,0.00075
plain-original,359,0.7018013298511505,0.9912034422159195,0.2736514019767534,0.0005,0.00075
plain-original,360,0.6976955235004425,0.9911170154809952,0.21711339711365774,0.0005,0.00075
plain-original,361,0.6995199620723724,0.9916246384382248,0.2025104591302897,0.0005,0.00075
plain-original,362,0.7016369104385376,0.9913722723722458,0.25784773339438477,0.0005,0.00075
plain-original,363,0.7012606263160706,0.9919741898775101,0.25056408058614166,0.0005,0.00075
plain-original,364,0.7037250697612762,0.9921839386224747,0.3012818469581865,0.0005,0.00075
plain-original,365,0.6989899724721909,0.9919378906488419,0.40348659061655323,0.0005,0.00075
plain-original,366,0.7392758131027222,0.9914343655109406,1.1011329973357187,0.0005,0.00075
plain-original,367,1.0349867641925812,0.9840403646230698,2.7004069628477616,0.0005,0.00075
plain-original,368,1.683841198682785,0.9783391803503036,5.2025030968196315,0.0005,0.00075
plain-original,369,3.719676434993744,0.8168229162693024,8.09043873134311,0.0005,0.00075
plain-original,370,41.55817413330078,0.8315250724554062,123.52431714923488,0.0005,0.00075
plain-original,371,214.8455467224121,0.20343179255723953,120.18216601258429,0.0005,0.00075
plain-original,372,122.42875289916992,0.7180101275444031,85.77490822591496,0.0005,0.00075
plain-original,373,549.7572174072266,-0.10707254894077778,688.9934522604177,0.0005,0.00075
plain-original,374,119.48144149780273,0.032474313862621784,176.16436518986293,0.0005,0.00075
plain-original,375,37.4028844833374,0.16701553761959076,43.923828938473925,0.0005,0.00075
plain-original,376,8.877821803092957,0.37313687056303024,31.608372592390992,0.0005,0.00075
plain-original,377,153.17827606201172,0.5244912505149841,104.74165961806683,0.0005,0.00075
plain-original,378,27.74735975265503,0.6528489738702774,61.16235693476133,0.0005,0.00075
plain-original,379,276.92713928222656,0.6489772647619247,257.73625182115694,0.0005,0.00075
plain-original,380,13.225712060928345,0.5986171215772629,43.368460803216195,0.0005,0.00075
plain-original,381,237.89929962158203,0.47447314113378525,128.61889650409933,0.0005,0.00075
plain-original,382,66.21970653533936,0.6259067952632904,83.26355541828394,0.0005,0.00075
plain-original,383,76.29279136657715,0.5269539803266525,64.65701346231279,0.0005,0.00075
plain-original,384,26.49821424484253,0.5976951420307159,44.753212981180944,0.0005,0.00075
plain-original,385,6.979058265686035,0.5831694602966309,34.531050144420654,0.0005,0.00075
plain-original,386,40.677249908447266,0.532265231013298,48.688644352758885,0.0005,0.00075
plain-original,387,19.445722579956055,0.6543110758066177,32.52117122662885,0.0005,0.00075
plain-original,388,7.638110280036926,0.6793753504753113,28.245621830123913,0.0005,0.00075
plain-original,389,25.136876106262207,0.6644473969936371,37.49910462899062,0.0005,0.00075
plain-original,390,11.98081088066101,0.6565416306257248,28.627560441657923,0.0005,0.00075
plain-original,391,5.4345831871032715,0.6130259186029434,25.014123303437383,0.0005,0.00075
plain-original,392,25.07637643814087,0.5164268240332603,50.68420387527429,0.0005,0.00075
plain-original,393,13.624842882156372,0.5822025090456009,28.857544184290816,0.0005,0.00075
plain-original,394,5.049325346946716,0.5644132643938065,22.48417094671348,0.0005,0.00075
plain-original,395,21.929195404052734,0.5541893690824509,35.13487201644268,0.0005,0.00075
plain-original,396,13.164347410202026,0.7087062299251556,36.714381288974266,0.0005,0.00075
plain-original,397,5.773013472557068,0.7729498147964478,28.80921859798227,0.0005,0.00075
plain-original,398,16.778091430664062,0.7984030395746231,29.222862977597572,0.0005,0.00075
plain-original,399,10.460732460021973,0.7673045992851257,31.806954336826333,0.0005,0.00075
plain-original,400,6.5443490743637085,0.7429392039775848,33.30011934358279,0.0005,0.00075
plain-original,401,33.365907192230225,0.6024171710014343,90.34914838250495,0.0005,0.00075
plain-original,402,20.895779132843018,0.6691236197948456,61.233173800831274,0.0005,0.00075
plain-original,403,8.600510597229004,0.7249648571014404,34.82167446788175,0.0005,0.00075
plain-original,404,9.94512152671814,0.7060238867998123,23.9943721626862,0.0005,0.00075
plain-original,405,4.358243644237518,0.7038648277521133,20.694840886324407,0.0005,0.00075
plain-original,406,16.236298084259033,0.6676480770111084,28.501841265904044,0.0005,0.00075
plain-original,407,9.63852071762085,0.72442726790905,21.571700893565733,0.0005,0.00075
plain-original,408,5.477973699569702,0.7275582700967789,22.49842276308795,0.0005,0.00075
plain-original,409,5.180709958076477,0.7166455686092377,34.47321320108491,0.0005,0.00075
plain-original,410,6.296668887138367,0.6934267431497574,62.27826705666129,0.0005,0.00075
plain-original,411,9.472176313400269,0.6885328888893127,59.77734374234834,0.0005,0.00075
plain-original,412,38.93790912628174,0.700239971280098,90.32636711438411,0.0005,0.00075
plain-original,413,15.060564041137695,0.6671896278858185,59.404642680792286,0.0005,0.00075
plain-original,414,11.73954153060913,0.7418430596590042,54.16964442985989,0.0005,0.00075
plain-original,415,16.972713232040405,0.6824295967817307,49.811503690181745,0.0005,0.00075
plain-original,416,7.712530255317688,0.7093097269535065,35.376334479715,0.0005,0.00075
plain-original,417,6.90010392665863,0.6894370913505554,36.79301333695572,0.0005,0.00075
plain-original,418,5.909110009670258,0.6473937481641769,48.652788393775154,0.0005,0.00075
plain-original,419,7.327882885932922,0.6392973065376282,40.70367980281355,0.0005,0.00075
plain-original,420,25.647016525268555,0.5930044949054718,45.188243894288426,0.0005,0.00075
plain-original,421,15.868791580200195,0.6966512501239777,32.96319864852321,0.0005,0.00075
plain-original,422,8.890090107917786,0.7551270574331284,27.645024580921103,0.0005,0.00075
plain-original,423,5.823272526264191,0.7544189393520355,34.82307818418737,0.0005,0.00075
plain-original,424,5.382238805294037,0.7525628954172134,44.43508409598716,0.0005,0.00075
plain-original,425,7.536841154098511,0.7208429574966431,54.75284334965907,0.0005,0.00075
plain-original,426,5.880935192108154,0.7240386456251144,54.66817360460047,0.0005,0.00075
plain-original,427,5.136584639549255,0.7324059456586838,43.64491457178344,0.0005,0.00075
plain-original,428,10.616192102432251,0.7105907648801804,60.21939400490846,0.0005,0.00075
plain-original,429,8.078725457191467,0.7226997017860413,38.11021272136402,0.0005,0.00075
plain-original,430,14.360568284988403,0.7290065437555313,28.82305746845264,0.0005,0.00075
plain-original,431,8.854597330093384,0.7625920474529266,22.221561441518674,0.0005,0.00075
plain-original,432,6.097419857978821,0.7437213659286499,32.95636108649773,0.0005,0.00075
plain-original,433,5.955971360206604,0.7219576090574265,38.335621761909564,0.0005,0.00075
plain-original,434,5.6651893854141235,0.6874963492155075,42.42198864527974,0.0005,0.00075
plain-original,435,5.358080208301544,0.6610476225614548,43.170670573887264,0.0005,0.00075
plain-original,436,8.48766577243805,0.6183792054653168,45.86937535863227,0.0005,0.00075
plain-original,437,6.005385875701904,0.6250029653310776,39.981207410267125,0.0005,0.00075
plain-original,438,5.891757011413574,0.59637451171875,37.85241201829493,0.0005,0.00075
plain-original,439,5.233067512512207,0.5983408689498901,36.14985887740681,0.0005,0.00075
plain-original,440,6.410667538642883,0.5659855604171753,37.72647545417246,0.0005,0.00075
plain-original,441,5.520327687263489,0.5775540769100189,37.787072262829184,0.0005,0.00075
plain-original,442,5.1708221435546875,0.559618815779686,38.31744004985108,0.0005,0.00075
plain-original,443,5.184754729270935,0.5605393201112747,37.02179065705067,0.0005,0.00075
plain-original,444,7.212288856506348,0.5355386286973953,37.99022999441535,0.0005,0.00075
plain-original,445,5.560902714729309,0.5532791763544083,34.79883729303419,0.0005,0.00075
plain-original,446,4.997786462306976,0.5307259857654572,34.91634186224563,0.0005,0.00075
plain-original,447,5.418977737426758,0.546396866440773,36.37800264027989,0.0005,0.00075
plain-original,448,5.669715523719788,0.5029878616333008,38.432512250988914,0.0005,0.00075
plain-original,449,5.238019943237305,0.5347658544778824,38.608672422509365,0.0005,0.00075
plain-original,450,6.197085976600647,0.4842250943183899,41.188742087862266,0.0005,0.00075
plain-original,451,5.341076016426086,0.5269953981041908,40.21799860183218,0.0005,0.00075
plain-original,452,6.019836187362671,0.4827122092247009,39.04725076109578,0.0005,0.00075
plain-original,453,9.506683588027954,0.5191952735185623,39.48686751838831,0.0005,0.00075
plain-original,454,5.900914430618286,0.47560904920101166,37.04258756717599,0.0005,0.00075
plain-original,455,5.403937101364136,0.5223522484302521,36.703976771190234,0.0005,0.00075
plain-original,456,8.43513572216034,0.46121152490377426,47.57555252998631,0.0005,0.00075
plain-original,457,7.420148968696594,0.5410048514604568,42.14789187861598,0.0005,0.00075
plain-original,458,8.706544041633606,0.4894382357597351,39.31331534716499,0.0005,0.00075
plain-original,459,5.50424337387085,0.5387118756771088,34.05991888589775,0.0005,0.00075
plain-original,460,6.274299502372742,0.4937986955046654,35.76701709258893,0.0005,0.00075
plain-original,461,7.4433677196502686,0.5398085564374924,41.45729231372558,0.0005,0.00075
plain-original,462,6.0582115650177,0.48236168920993805,41.822204831647504,0.0005,0.00075
plain-original,463,8.321046829223633,0.5416062623262405,44.20050903583905,0.0005,0.00075
plain-original,464,6.306270599365234,0.47540031373500824,43.23532407731038,0.0005,0.00075
plain-original,465,6.122054100036621,0.5417412519454956,42.27146057752974,0.0005,0.00075
plain-original,466,12.791069269180298,0.4721307083964348,48.519079923191,0.0005,0.00075
plain-original,467,6.511233448982239,0.5516949146986008,39.17627760964609,0.0005,0.00075
plain-original,468,5.915140867233276,0.5073707848787308,36.813044805576816,0.0005,0.00075
plain-original,469,26.750606536865234,0.5448925048112869,50.38658529814271,0.0005,0.00075
plain-original,470,15.160435676574707,0.4912870228290558,39.674165731689506,0.0005,0.00075
plain-original,471,12.860086917877197,0.549237921833992,36.51593551567606,0.0005,0.00075
plain-original,472,7.703478932380676,0.48172926902770996,36.72392143367317,0.0005,0.00075
plain-original,473,6.546948075294495,0.5428751111030579,39.78783904117857,0.0005,0.00075
plain-original,474,11.410892724990845,0.4489883482456207,61.01710565940732,0.0005,0.00075
plain-original,475,11.797996282577515,0.5668324381113052,44.74135171117079,0.0005,0.00075
plain-original,476,29.96385145187378,0.4961518496274948,53.602817972849095,0.0005,0.00075
plain-original,477,20.22149133682251,0.5837668776512146,43.05107353325516,0.0005,0.00075
plain-original,478,14.869285821914673,0.6030689179897308,32.50681970237395,0.0005,0.00075
plain-original,479,8.551706075668335,0.6243906468153,27.234869977538267,0.0005,0.00075
plain-original,480,6.23115086555481,0.6101638227701187,35.79617025264913,0.0005,0.00075
plain-original,481,5.9813233613967896,0.6447196453809738,38.93314897072735,0.0005,0.00075
plain-original,482,9.865126132965088,0.6300948709249496,50.91410984799353,0.0005,0.00075
plain-original,483,8.06216299533844,0.682275578379631,38.669579263090995,0.0005,0.00075
plain-original,484,7.087202072143555,0.6941357105970383,38.84129578023962,0.0005,0.00075
plain-original,485,5.992131233215332,0.7017185986042023,42.00904948885291,0.0005,0.00075
plain-original,486,5.3929115533828735,0.7115863114595413,41.144341546612935,0.0005,0.00075
plain-original,487,8.503669738769531,0.7144231200218201,42.493856305148334,0.0005,0.00075
plain-original,488,5.682717561721802,0.7176820337772369,34.66161049287922,0.0005,0.00075
plain-original,489,5.113443970680237,0.724480003118515,34.421103776381976,0.0005,0.00075
plain-original,490,5.440091133117676,0.7127558887004852,38.14404645785447,0.0005,0.00075
plain-original,491,5.250877737998962,0.721823513507843,34.5869002208083,0.0005,0.00075
plain-original,492,10.498706340789795,0.715998575091362,38.22446970033555,0.0005,0.00075
plain-original,493,5.966200470924377,0.7229808568954468,30.168010693874365,0.0005,0.00075
plain-original,494,4.771156549453735,0.7189780175685883,30.759345858425167,0.0005,0.00075
plain-original,495,6.428534388542175,0.7131868004798889,37.061225292077154,0.0005,0.00075
plain-original,496,5.0263694524765015,0.7002619504928589,38.15513959024288,0.0005,0.00075
plain-original,497,5.390623569488525,0.6984266340732574,38.62651634164955,0.0005,0.00075
plain-original,498,6.443773150444031,0.6777949780225754,41.62364321766867,0.0005,0.00075
plain-original,499,5.415348649024963,0.683994859457016,39.555642730283985,0.0005,0.00075
plain-original,500,5.796260476112366,0.6683041602373123,38.780979350372505,0.0005,0.00075
plain-original,501,5.683298349380493,0.6746074557304382,37.65332226649254,0.0005,0.00075
plain-original,502,5.0474817752838135,0.653204083442688,39.97178255053152,0.0005,0.00075
plain-original,503,5.265604496002197,0.6665723770856857,40.071140359403515,0.0005,0.00075
plain-original,504,5.598834156990051,0.6460935324430466,41.34445659760965,0.0005,0.00075
plain-original,505,5.36904239654541,0.662412479519844,40.213148905357016,0.0005,0.00075
plain-original,506,4.830309689044952,0.6455308794975281,39.727726835640745,0.0005,0.00075
plain-original,507,5.200283408164978,0.6652132123708725,39.242495759914824,0.0005,0.00075
plain-original,508,4.914417028427124,0.642928957939148,41.877847381431565,0.0005,0.00075
plain-original,509,5.392007112503052,0.6572620272636414,40.15064748562973,0.0005,0.00075
plain-original,510,5.036086440086365,0.6332586109638214,40.247021345564576,0.0005,0.00075
plain-original,511,4.9691736698150635,0.6576412916183472,40.474428204658835,0.0005,0.00075
plain-original,512,5.358685493469238,0.6336077600717545,42.199668977329644,0.0005,0.00075
plain-original,513,5.32879376411438,0.6566718220710754,42.2304330753921,0.0005,0.00075
plain-original,514,5.530297756195068,0.6375512480735779,40.33646283319857,0.0005,0.00075
plain-original,515,5.871631860733032,0.6591217517852783,41.518455884180085,0.0005,0.00075
plain-original,516,5.52398419380188,0.6408963799476624,38.251759600177195,0.0005,0.00075
plain-original,517,5.218616962432861,0.6632238924503326,39.821360044746804,0.0005,0.00075
plain-original,518,5.4138325452804565,0.6447249799966812,38.90608615231232,0.0005,0.00075
plain-original,519,4.84407913684845,0.6690162271261215,40.75655447502357,0.0005,0.00075
plain-original,520,5.314255595207214,0.6485905796289444,37.847423855797935,0.0005,0.00075
plain-original,521,5.23084831237793,0.6743784695863724,38.54753098837033,0.0005,0.00075
plain-original,522,5.435800909996033,0.6545934081077576,37.78740492717535,0.0005,0.00075
plain-original,523,4.7025386095047,0.6808218359947205,37.63785895994494,0.0005,0.00075
plain-original,524,5.2883981466293335,0.6616937220096588,37.08987303182323,0.0005,0.00075
plain-original,525,5.032317161560059,0.6839150637388229,37.49411376830861,0.0005,0.00075
plain-original,526,5.409580588340759,0.6669615209102631,36.793365232733755,0.0005,0.00075
plain-original,527,5.072108268737793,0.6869678795337677,39.4676598060358,0.0005,0.00075
plain-original,528,5.550184845924377,0.675319030880928,38.4916707689029,0.0005,0.00075
plain-original,529,5.141849994659424,0.6908717751502991,37.59717079736917,0.0005,0.00075
plain-original,530,5.605377674102783,0.6849897801876068,36.474169756507415,0.0005,0.00075
plain-original,531,5.249509215354919,0.6954123973846436,37.13483074902229,0.0005,0.00075
plain-original,532,5.439165711402893,0.6897541582584381,35.519454863255305,0.0005,0.00075
plain-original,533,4.637749433517456,0.7047724723815918,38.49219548317153,0.0005,0.00075
plain-original,534,5.4666831493377686,0.6901794970035553,35.98958518845418,0.0005,0.00075
plain-original,535,5.139967322349548,0.7096344232559204,36.523332909364804,0.0005,0.00075
plain-original,536,5.34768533706665,0.692558541893959,34.28752709003973,0.0005,0.00075
plain-original,537,4.621693849563599,0.7181309312582016,34.86973745670664,0.0005,0.00075
plain-original,538,5.173914670944214,0.7006230503320694,32.6571464726186,0.0005,0.00075
plain-original,539,5.0326621532440186,0.7228562980890274,34.980671048314896,0.0005,0.00075
plain-original,540,5.230071187019348,0.7072561830282211,33.60846107767484,0.0005,0.00075
plain-original,541,4.436984896659851,0.7314392775297165,36.498077447050605,0.0005,0.00075
plain-original,542,5.590287923812866,0.718608483672142,36.367302779128046,0.0005,0.00075
plain-original,543,4.600910305976868,0.7379604876041412,37.7593178565454,0.0005,0.00075
plain-original,544,5.2558066844940186,0.7286419570446014,35.58694439581927,0.0005,0.00075
plain-original,545,4.993409156799316,0.7439344525337219,38.046884147264876,0.0005,0.00075
plain-original,546,5.45318865776062,0.7328949570655823,35.9431123246117,0.0005,0.00075
plain-original,547,4.37546706199646,0.7520450502634048,36.89499309943258,0.0005,0.00075
plain-original,548,5.460650563240051,0.7398594319820404,35.39967643859403,0.0005,0.00075
plain-original,549,4.309968709945679,0.7588874846696854,36.97557328859661,0.0005,0.00075
plain-original,550,5.413227200508118,0.7411914169788361,33.51111546556492,0.0005,0.00075
plain-original,551,4.774170756340027,0.7641946226358414,34.14176002901408,0.0005,0.00075
plain-original,552,5.1987035274505615,0.749530479311943,30.897924362713002,0.0005,0.00075
plain-original,553,4.272325158119202,0.773478776216507,31.74891003009317,0.0005,0.00075
plain-original,554,5.264706492424011,0.7600761950016022,32.146038736877294,0.0005,0.00075
plain-original,555,4.0802425146102905,0.7798732221126556,34.69681125564672,0.0005,0.00075
plain-original,556,5.32030975818634,0.7686668485403061,33.429043676603,0.0005,0.00075
plain-original,557,4.298554480075836,0.7847846746444702,35.90532061170267,0.0005,0.00075
plain-original,558,5.389889717102051,0.7763718366622925,33.63264618081807,0.0005,0.00075
plain-original,559,4.0180506110191345,0.7925235629081726,33.68207208423558,0.0005,0.00075
plain-original,560,5.26064670085907,0.7816798686981201,32.434721899507295,0.0005,0.00075
plain-original,561,4.009921610355377,0.7996380627155304,33.55811632597101,0.0005,0.00075
plain-original,562,5.182055830955505,0.7866401672363281,31.69708876202112,0.0005,0.00075
plain-original,563,3.8997350335121155,0.8039677441120148,32.79968875616032,0.0005,0.00075
plain-original,564,5.2759681940078735,0.7908219695091248,31.413815346185448,0.0005,0.00075
plain-original,565,3.817359745502472,0.8092428147792816,33.33172829325336,0.0005,0.00075
plain-original,566,5.240164875984192,0.7938004285097122,31.502634106517295,0.0005,0.00075
plain-original,567,3.907015562057495,0.8095981329679489,30.725064591168614,0.0005,0.00075
plain-original,568,5.128737092018127,0.8005643337965012,31.228167663609312,0.0005,0.00075
plain-original,569,3.71014404296875,0.8139219135046005,32.61654930534546,0.0005,0.00075
plain-original,570,5.085211098194122,0.8014006167650223,32.78038830062272,0.0005,0.00075
plain-original,571,3.6437602639198303,0.81474569439888,31.673419593212486,0.0005,0.00075
plain-original,572,4.992069244384766,0.8069775849580765,32.4525796855252,0.0005,0.00075
plain-original,573,3.6907371878623962,0.8181948661804199,34.606007922804245,0.0005,0.00075
plain-original,574,5.153769254684448,0.8045065104961395,32.28759362158092,0.0005,0.00075
plain-original,575,3.6499235033988953,0.820341020822525,32.3259891448849,0.0005,0.00075
plain-original,576,4.881935477256775,0.8120978772640228,31.335078511244667,0.0005,0.00075
plain-original,577,3.593366861343384,0.824138805270195,33.80534652949127,0.0005,0.00075
plain-original,578,5.247865796089172,0.8170287907123566,32.27967718361279,0.0005,0.00075
plain-original,579,3.445699393749237,0.828059732913971,31.81803102583747,0.0005,0.00075
plain-original,580,4.85146951675415,0.8221493363380432,31.73910536523417,0.0005,0.00075
plain-original,581,3.3779568672180176,0.8322410732507706,32.55785240069002,0.0005,0.00075
plain-original,582,5.210149168968201,0.8236600011587143,31.770853442392905,0.0005,0.00075
plain-original,583,3.3640933632850647,0.8372086733579636,32.46568587961899,0.0005,0.00075
plain-original,584,5.150130867958069,0.8292331993579865,31.833944405337633,0.0005,0.00075
plain-original,585,3.443869948387146,0.8407617807388306,33.42870159032515,0.0005,0.00075
plain-original,586,4.8302894830703735,0.8343691527843475,31.509602680101167,0.0005,0.00075
plain-original,587,3.2185730934143066,0.8447030186653137,32.24337896790204,0.0005,0.00075
plain-original,588,5.379741072654724,0.8398853987455368,32.13518251889772,0.0005,0.00075
plain-original,589,3.5597328543663025,0.8516447842121124,34.236880409232185,0.0005,0.00075
plain-original,590,5.61582350730896,0.8488773256540298,32.47077306140094,0.0005,0.00075
plain-original,591,3.355570912361145,0.8611571788787842,30.196415440504055,0.0005,0.00075
plain-original,592,4.741603195667267,0.8594529181718826,30.758543190376272,0.0005,0.00075
plain-original,593,3.2987818717956543,0.867717444896698,30.9459842311572,0.0005,0.00075
plain-original,594,4.646943688392639,0.8639575242996216,30.890063670320913,0.0005,0.00075
plain-original,595,3.2272825837135315,0.8718738853931427,33.30944632130631,0.0005,0.00075
plain-original,596,5.847762584686279,0.8672864735126495,32.74441888458561,0.0005,0.00075
plain-original,597,3.826471745967865,0.8758434355258942,31.880354620846283,0.0005,0.00075
plain-original,598,5.340984582901001,0.8729893565177917,31.69207547420064,0.0005,0.00075
plain-original,599,3.5026208758354187,0.8811822980642319,28.92382749205936,0.0005,0.00075
plain-original,600,4.302892029285431,0.8786382377147675,30.843974443256876,0.0005,0.00075
plain-slower,1,2.784486472606659,0.0,6.108982009478363,0.0001,0.00015000000000000001
plain-slower,2,3.3182729482650757,0.21219478733837605,4.710103383060325,0.0001,0.00015000000000000001
plain-slower,3,3.620370030403137,0.3276943191885948,5.365650968114198,0.0001,0.00015000000000000001
plain-slower,4,3.813172936439514,0.5022395923733711,6.24618047273728,0.0001,0.00015000000000000001
plain-slower,5,3.9029213786125183,0.5547191649675369,7.507518509581723,0.0001,0.00015000000000000001
plain-slower,6,3.8876394033432007,0.7074562907218933,7.760014733877298,0.0001,0.00015000000000000001
plain-slower,7,3.8673086166381836,0.7671354562044144,8.80941750227577,0.0001,0.00015000000000000001
plain-slower,8,3.8137989044189453,0.8058009445667267,9.705955941639683,0.0001,0.00015000000000000001
plain-slower,9,3.6591621041297913,0.8414969593286514,11.27859270588477,0.0001,0.00015000000000000001
plain-slower,10,3.41601300239563,0.8713071346282959,12.699957580625655,0.0001,0.00015000000000000001
plain-slower,11,3.2145283818244934,0.8863243013620377,14.523094449447203,0.0001,0.00015000000000000001
plain-slower,12,2.7518786191940308,0.9056199640035629,16.862005024013186,0.0001,0.00015000000000000001
plain-slower,13,2.2670387029647827,0.9143340885639191,16.78922216948895,0.0001,0.00015000000000000001
plain-slower,14,1.723148912191391,0.9306059181690216,14.918717919386669,0.0001,0.00015000000000000001
plain-slower,15,1.6697982251644135,0.9375382363796234,16.294242184092997,0.0001,0.00015000000000000001
plain-slower,16,1.733778029680252,0.938377857208252,15.571756266240174,0.0001,0.00015000000000000001
plain-slower,17,1.82828950881958,0.9402396082878113,14.91992694467887,0.0001,0.00015000000000000001
plain-slower,18,1.751096248626709,0.9475317448377609,14.416211456130373,0.0001,0.00015000000000000001
plain-slower,19,1.7645402252674103,0.9507787078619003,15.181670195990108,0.0001,0.00015000000000000001
plain-slower,20,1.5094745457172394,0.9501915276050568,14.131599141926602,0.0001,0.00015000000000000001
plain-slower,21,1.419895589351654,0.9485454708337784,14.239535536529216,0.0001,0.00015000000000000001
plain-slower,22,1.2476761937141418,0.9455060958862305,13.877984117716503,0.0001,0.00015000000000000001
plain-slower,23,1.215448409318924,0.9427592009305954,13.014913290120484,0.0001,0.00015000000000000001
plain-slower,24,1.2843818664550781,0.9414616078138351,13.875540192308797,0.0001,0.00015000000000000001
plain-slower,25,1.217680960893631,0.9419900327920914,12.907799959170424,0.0001,0.00015000000000000001
plain-slower,26,1.2240937948226929,0.9407944679260254,12.209471962604354,0.0001,0.00015000000000000001
plain-slower,27,1.2190862894058228,0.9412173926830292,11.849974883728757,0.0001,0.00015000000000000001
plain-slower,28,1.1710688769817352,0.9409638196229935,11.079275182170965,0.0001,0.00015000000000000001
plain-slower,29,1.1462218761444092,0.9450103789567947,10.758848537863924,0.0001,0.00015000000000000001
plain-slower,30,1.0769448727369308,0.9480784833431244,10.525459452776742,0.0001,0.00015000000000000001
plain-slower,31,1.051122933626175,0.95250403881073,10.138256788908905,0.0001,0.00015000000000000001
plain-slower,32,0.9998510330915451,0.954875722527504,9.579171719168178,0.0001,0.00015000000000000001
plain-slower,33,0.9554110765457153,0.9566419720649719,9.248296733535623,0.0001,0.00015000000000000001
plain-slower,34,0.9548941105604172,0.9574536085128784,9.045541029819416,0.0001,0.00015000000000000001
plain-slower,35,0.9319033622741699,0.9586077779531479,8.700080652091009,0.0001,0.00015000000000000001
plain-slower,36,0.9415398687124252,0.9580608755350113,8.578435045007637,0.0001,0.00015000000000000001
plain-slower,37,0.931226447224617,0.9591243267059326,8.351893137357452,0.0001,0.00015000000000000001
plain-slower,38,0.9385907500982285,0.9590207487344742,8.27927084871671,0.0001,0.00015000000000000001
plain-slower,39,0.9488600492477417,0.9585877358913422,8.295925439599417,0.0001,0.00015000000000000001
plain-slower,40,0.9592948257923126,0.9587777554988861,8.35617281250848,0.0001,0.00015000000000000001
plain-slower,41,0.9233736842870712,0.9584919512271881,7.948416583725627,0.0001,0.00015000000000000001
plain-slower,42,0.9579126685857773,0.9590466767549515,8.002894039330178,0.0001,0.00015000000000000001
plain-slower,43,0.9415517598390579,0.9592442512512207,7.608659903517569,0.0001,0.00015000000000000001
plain-slower,44,0.9462282061576843,0.9583542048931122,7.576354724892782,0.0001,0.00015000000000000001
plain-slower,45,0.9816574603319168,0.9581090360879898,7.671615548826433,0.0001,0.00015000000000000001
plain-slower,46,1.014129400253296,0.9591223448514938,7.7994432379598,0.0001,0.00015000000000000001
plain-slower,47,1.0024732053279877,0.9587048888206482,7.555145322931267,0.0001,0.00015000000000000001
plain-slower,48,0.9628072530031204,0.9603811204433441,7.21970024036229,0.0001,0.00015000000000000001
plain-slower,49,1.0067314356565475,0.960660308599472,7.086967262245526,0.0001,0.00015000000000000001
plain-slower,50,0.9967361390590668,0.9627695381641388,6.949031647926975,0.0001,0.00015000000000000001
plain-slower,51,0.959019124507904,0.9631942510604858,6.78920726606795,0.0001,0.00015000000000000001
plain-slower,52,0.9937401413917542,0.9637096524238586,6.956761644660034,0.0001,0.00015000000000000001
plain-slower,53,0.9932359158992767,0.9648208767175674,7.097139207231334,0.0001,0.00015000000000000001
plain-slower,54,0.9810833036899567,0.9631922692060471,6.870415862633531,0.0001,0.00015000000000000001
plain-slower,55,0.965883418917656,0.9643346816301346,6.815245065262326,0.0001,0.00015000000000000001
plain-slower,56,0.9440056830644608,0.9648356288671494,6.57840858651335,0.0001,0.00015000000000000001
plain-slower,57,0.9632155895233154,0.965048760175705,6.674903033597021,0.0001,0.00015000000000000001
plain-slower,58,0.9925552308559418,0.9640420824289322,6.933450816052327,0.0001,0.00015000000000000001
plain-slower,59,0.9912223219871521,0.9636722058057785,6.937686839333746,0.0001,0.00015000000000000001
plain-slower,60,1.0161144733428955,0.9625083655118942,6.872847139678143,0.0001,0.00015000000000000001
plain-slower,61,0.9786623269319534,0.9630378484725952,6.631581351845775,0.0001,0.00015000000000000001
plain-slower,62,0.9702194333076477,0.9645252674818039,6.5511079569138655,0.0001,0.00015000000000000001
plain-slower,63,0.9990278631448746,0.9653027355670929,6.721933151520129,0.0001,0.00015000000000000001
plain-slower,64,1.027604803442955,0.9648091495037079,6.829057983208657,0.0001,0.00015000000000000001
plain-slower,65,1.0366505682468414,0.9645731449127197,6.860600149824324,0.0001,0.00015000000000000001
plain-slower,66,1.0385530889034271,0.9649758636951447,6.653766628340959,0.0001,0.00015000000000000001
plain-slower,67,1.0275079607963562,0.9644187241792679,6.633760708735334,0.0001,0.00015000000000000001
plain-slower,68,1.01180599629879,0.9645150750875473,6.611574940683327,0.0001,0.00015000000000000001
plain-slower,69,1.0111901462078094,0.964491605758667,6.822008391103834,0.0001,0.00015000000000000001
plain-slower,70,0.998281940817833,0.9652242958545685,6.55976158484485,0.0001,0.00015000000000000001
plain-slower,71,0.9737029373645782,0.966580793261528,6.337783308202426,0.0001,0.00015000000000000001
plain-slower,72,1.0561474561691284,0.9662599116563797,6.867893404731656,0.0001,0.00015000000000000001
plain-slower,73,1.026278331875801,0.9677358865737915,6.700328591598612,0.0001,0.00015000000000000001
plain-slower,74,0.9933128356933594,0.9670886099338531,6.566389005334597,0.0001,0.00015000000000000001
plain-slower,75,0.9814426004886627,0.9677763134241104,6.532968352542514,0.0001,0.00015000000000000001
plain-slower,76,0.9762687832117081,0.9681059569120407,6.495297352125857,0.0001,0.00015000000000000001
plain-slower,77,0.9691289961338043,0.9698529988527298,6.352364250309643,0.0001,0.00015000000000000001
plain-slower,78,0.9472556561231613,0.9711684435606003,6.263500177250811,0.0001,0.00015000000000000001
plain-slower,79,0.9375300407409668,0.9726245552301407,6.145141130158634,0.0001,0.00015000000000000001
plain-slower,80,0.9218975156545639,0.9731149822473526,6.187058693094065,0.0001,0.00015000000000000001
plain-slower,81,0.8771417587995529,0.9728828817605972,6.034125052953479,0.0001,0.00015000000000000001
plain-slower,82,0.8677279055118561,0.9719467908143997,5.855902756538547,0.0001,0.00015000000000000001
plain-slower,83,0.8713610917329788,0.9708432257175446,5.9336843535771955,0.0001,0.00015000000000000001
plain-slower,84,0.8735259771347046,0.971020296216011,5.765872403039051,0.0001,0.00015000000000000001
plain-slower,85,0.8657801896333694,0.9719522297382355,5.823644079919546,0.0001,0.00015000000000000001
plain-slower,86,0.8518523573875427,0.9727373123168945,5.610855577905832,0.0001,0.00015000000000000001
plain-slower,87,0.8462025374174118,0.9730872511863708,5.463443794527753,0.0001,0.00015000000000000001
plain-slower,88,0.8348961174488068,0.9735800325870514,5.388002050029804,0.0001,0.00015000000000000001
plain-slower,89,0.851106733083725,0.9738458096981049,5.509736247559952,0.0001,0.00015000000000000001
plain-slower,90,0.8569592535495758,0.9739706665277481,5.5444971697408985,0.0001,0.00015000000000000001
plain-slower,91,0.8362116664648056,0.9735234826803207,5.28064151443912,0.0001,0.00015000000000000001
plain-slower,92,0.8327364325523376,0.9733814001083374,5.194266469507177,0.0001,0.00015000000000000001
plain-slower,93,0.8304897993803024,0.9745901226997375,5.143521369879422,0.0001,0.00015000000000000001
plain-slower,94,0.8319144695997238,0.9739605784416199,5.054830849212801,0.0001,0.00015000000000000001
plain-slower,95,0.8465352356433868,0.9735537618398666,5.364209821639546,0.0001,0.00015000000000000001
plain-slower,96,0.8385313600301743,0.9746689349412918,5.105136636150197,0.0001,0.00015000000000000001
plain-slower,97,0.8132091611623764,0.9744143635034561,4.906431793003577,0.0001,0.00015000000000000001
plain-slower,98,0.8223546147346497,0.9763108640909195,4.950467717428451,0.0001,0.00015000000000000001
plain-slower,99,0.8152235448360443,0.9754484444856644,4.937139716391777,0.0001,0.00015000000000000001
plain-slower,100,0.8002332299947739,0.9757255911827087,4.777052801730011,0.0001,0.00015000000000000001
plain-slower,101,0.8143580406904221,0.9749249219894409,4.920968844776507,0.0001,0.00015000000000000001
plain-slower,102,0.7904297709465027,0.9761759340763092,4.672908516390082,0.0001,0.00015000000000000001
plain-slower,103,0.8084138482809067,0.9752257764339447,4.615871712831449,0.0001,0.00015000000000000001
plain-slower,104,0.8153777569532394,0.9743307083845139,4.596963684586205,0.0001,0.00015000000000000001
plain-slower,105,0.8240445107221603,0.9746482223272324,4.712803018078701,0.0001,0.00015000000000000001
plain-slower,106,0.8261091113090515,0.9754819869995117,4.739761058841616,0.0001,0.00015000000000000001
plain-slower,107,0.8372911661863327,0.9745849817991257,4.835477226421734,0.0001,0.00015000000000000001
plain-slower,108,0.8392435908317566,0.9755866676568985,4.70908219587396,0.0001,0.00015000000000000001
plain-slower,109,0.8352899551391602,0.9765211492776871,4.67964394876015,0.0001,0.00015000000000000001
plain-slower,110,0.8427157551050186,0.9760566651821136,4.719005723336613,0.0001,0.00015000000000000001
plain-slower,111,0.8380867540836334,0.9760229885578156,4.632655598290748,0.0001,0.00015000000000000001
plain-slower,112,0.8136737644672394,0.9767940193414688,4.48961911813717,0.0001,0.00015000000000000001
plain-slower,113,0.8420405685901642,0.9760999083518982,4.779517599477852,0.0001,0.00015000000000000001
plain-slower,114,0.8594039529561996,0.973908394575119,5.000747170485059,0.0001,0.00015000000000000001
plain-slower,115,0.871370479464531,0.9744285941123962,4.990775491367175,0.0001,0.00015000000000000001
plain-slower,116,0.84173484146595,0.9763471931219101,4.48307323341664,0.0001,0.00015000000000000001
plain-slower,117,0.8543415665626526,0.9771090000867844,4.704976743171733,0.0001,0.00015000000000000001
plain-slower,118,0.8338728696107864,0.9768676310777664,4.41400864461892,0.0001,0.00015000000000000001
plain-slower,119,0.8421826660633087,0.9776415973901749,4.479882024013809,0.0001,0.00015000000000000001
plain-slower,120,0.8467394262552261,0.9778542220592499,4.572236301661723,0.0001,0.00015000000000000001
plain-slower,121,0.8536888211965561,0.9776239544153214,4.556862175006965,0.0001,0.00015000000000000001
plain-slower,122,0.853276327252388,0.977438896894455,4.565728419315809,0.0001,0.00015000000000000001
plain-slower,123,0.842444434762001,0.977873295545578,4.533751435707349,0.0001,0.00015000000000000001
plain-slower,124,0.8618263453245163,0.9774973839521408,4.722812657405535,0.0001,0.00015000000000000001
plain-slower,125,0.8757743537425995,0.9777924716472626,4.756971560196637,0.0001,0.00015000000000000001
plain-slower,126,0.8415533006191254,0.9775984287261963,4.643384689991548,0.0001,0.00015000000000000001
plain-slower,127,0.8351395130157471,0.9782635718584061,4.487737064492874,0.0001,0.00015000000000000001
plain-slower,128,0.8406717479228973,0.9788889139890671,4.513351671766321,0.0001,0.00015000000000000001
plain-slower,129,0.8376041650772095,0.9790560156106949,4.456737272768017,0.0001,0.00015000000000000001
plain-slower,130,0.8383621126413345,0.9782007485628128,4.518450856407493,0.0001,0.00015000000000000001
plain-slower,131,0.848885715007782,0.978534922003746,4.626453316313325,0.0001,0.00015000000000000001
plain-slower,132,0.8544771373271942,0.9790045469999313,4.727423345386826,0.0001,0.00015000000000000001
plain-slower,133,0.8330758661031723,0.9792046248912811,4.566114332133358,0.0001,0.00015000000000000001
plain-slower,134,0.8308456391096115,0.9795330315828323,4.564634563993128,0.0001,0.00015000000000000001
plain-slower,135,0.8344531953334808,0.9794431179761887,4.622024367410829,0.0001,0.00015000000000000001
plain-slower,136,0.8273423612117767,0.9800364077091217,4.554746654494834,0.0001,0.00015000000000000001
plain-slower,137,0.8178032487630844,0.9794153124094009,4.542953900898133,0.0001,0.00015000000000000001
plain-slower,138,0.8175157308578491,0.979340136051178,4.510285187931069,0.0001,0.00015000000000000001
plain-slower,139,0.8234866410493851,0.9794325083494186,4.437920524163389,0.0001,0.00015000000000000001
plain-slower,140,0.8397010713815689,0.979700580239296,4.649030468662675,0.0001,0.00015000000000000001
plain-slower,141,0.8633541762828827,0.979047879576683,4.850185676693913,0.0001,0.00015000000000000001
plain-slower,142,0.8385587930679321,0.9802673161029816,4.6253680378495465,0.0001,0.00015000000000000001
plain-slower,143,0.8521436005830765,0.9785884022712708,4.584949557907064,0.0001,0.00015000000000000001
plain-slower,144,0.8489486277103424,0.9792725890874863,4.587008484654223,0.0001,0.00015000000000000001
plain-slower,145,0.8659045398235321,0.9788578003644943,4.707883532842654,0.0001,0.00015000000000000001
plain-slower,146,0.8483993113040924,0.9799923598766327,4.474123307253078,0.0001,0.00015000000000000001
plain-slower,147,0.8272733390331268,0.980685293674469,4.4579257686783595,0.0001,0.00015000000000000001
plain-slower,148,0.8353228271007538,0.9803225696086884,4.420840331980688,0.0001,0.00015000000000000001
plain-slower,149,0.8170797824859619,0.9805177003145218,4.3444589554305795,0.0001,0.00015000000000000001
plain-slower,150,0.8249858319759369,0.9796659648418427,4.370979925919362,0.0001,0.00015000000000000001
plain-slower,151,0.8301409333944321,0.9792858362197876,4.294477686994054,0.0001,0.00015000000000000001
plain-slower,152,0.8640051782131195,0.9773357212543488,4.641145317990095,0.0001,0.00015000000000000001
plain-slower,153,0.8570334762334824,0.977832481265068,4.440047132016084,0.0001,0.00015000000000000001
plain-slower,154,0.8701878786087036,0.9792205691337585,4.3830657737081,0.0001,0.00015000000000000001
plain-slower,155,0.8734259754419327,0.9799239784479141,4.572677881636921,0.0001,0.00015000000000000001
plain-slower,156,0.8777415603399277,0.9797760248184204,4.590454945619589,0.0001,0.00015000000000000001
plain-slower,157,0.8727240115404129,0.9804027080535889,4.526895374490537,0.0001,0.00015000000000000001
plain-slower,158,0.8644018173217773,0.9805190563201904,4.201063642999984,0.0001,0.00015000000000000001
plain-slower,159,0.8684799373149872,0.9808163642883301,4.273725378997016,0.0001,0.00015000000000000001
plain-slower,160,0.8732687383890152,0.9810298383235931,4.32588913741276,0.0001,0.00015000000000000001
plain-slower,161,0.854342520236969,0.9799622148275375,4.2098956320168215,0.0001,0.00015000000000000001
plain-slower,162,0.8658526241779327,0.9795292317867279,4.182563246109813,0.0001,0.00015000000000000001
plain-slower,163,0.8778104335069656,0.9789076000452042,4.267618211069074,0.0001,0.00015000000000000001
plain-slower,164,0.8791715800762177,0.9799159169197083,4.2511284235241975,0.0001,0.00015000000000000001
plain-slower,165,0.8723607361316681,0.9811859726905823,4.207642454212832,0.0001,0.00015000000000000001
plain-slower,166,0.8732765913009644,0.9802828580141068,4.219877948807292,0.0001,0.00015000000000000001
plain-slower,167,0.8566184043884277,0.9817245006561279,4.14683114768751,0.0001,0.00015000000000000001
plain-slower,168,0.8957683444023132,0.9804033041000366,4.728190881413564,0.0001,0.00015000000000000001
plain-slower,169,0.9042309671640396,0.9781384915113449,4.98127633054627,0.0001,0.00015000000000000001
plain-slower,170,0.895096629858017,0.9776260703802109,4.440679654861886,0.0001,0.00015000000000000001
plain-slower,171,0.8496843874454498,0.9813178777694702,4.358794147367165,0.0001,0.00015000000000000001
plain-slower,172,0.8436106294393539,0.9800477623939514,4.298724484395272,0.0001,0.00015000000000000001
plain-slower,173,0.8266377747058868,0.9817668795585632,4.06480582303067,0.0001,0.00015000000000000001
plain-slower,174,0.8434185236692429,0.9802217483520508,4.271203471838187,0.0001,0.00015000000000000001
plain-slower,175,0.8017764538526535,0.9808895885944366,3.9787891401981663,0.0001,0.00015000000000000001
plain-slower,176,0.8283257037401199,0.9805107712745667,4.226184970848108,0.0001,0.00015000000000000001
plain-slower,177,0.8314795792102814,0.9806377589702606,4.137032687501633,0.0001,0.00015000000000000001
plain-slower,178,0.818678081035614,0.9814949035644531,4.331990990616207,0.0001,0.00015000000000000001
plain-slower,179,0.7992230653762817,0.9828115105628967,3.924995081828125,0.0001,0.00015000000000000001
plain-slower,180,0.8248969167470932,0.9817385077476501,4.01218865307068,0.0001,0.00015000000000000001
plain-slower,181,0.8179561942815781,0.9820197224617004,4.028671323452102,0.0001,0.00015000000000000001
plain-slower,182,0.8247925788164139,0.9818021208047867,4.022851390606575,0.0001,0.00015000000000000001
plain-slower,183,0.8219316899776459,0.9819750189781189,4.056225418142406,0.0001,0.00015000000000000001
plain-slower,184,0.8084416389465332,0.981953576207161,3.9167616936363765,0.0001,0.00015000000000000001
plain-slower,185,0.8168362975120544,0.9822683930397034,3.876172751865887,0.0001,0.00015000000000000001
plain-slower,186,0.8411519527435303,0.9823252558708191,3.9752426815610464,0.0001,0.00015000000000000001
plain-slower,187,0.8094204217195511,0.9825828969478607,3.9156921617958838,0.0001,0.00015000000000000001
plain-slower,188,0.8112287372350693,0.983864963054657,3.9084412989564976,0.0001,0.00015000000000000001
plain-slower,189,0.827106311917305,0.9833874404430389,3.981756760758818,0.0001,0.00015000000000000001
plain-slower,190,0.7871980667114258,0.9837971031665802,3.8844544333469035,0.0001,0.00015000000000000001
plain-slower,191,0.8129166960716248,0.9830633252859116,3.9469528683786126,0.0001,0.00015000000000000001
plain-slower,192,0.8010695278644562,0.9836550652980804,3.8542844831123615,0.0001,0.00015000000000000001
plain-slower,193,0.7883452326059341,0.983536034822464,3.8373223527736373,0.0001,0.00015000000000000001
plain-slower,194,0.7836667895317078,0.9832096099853516,3.8241712658706843,0.0001,0.00015000000000000001
plain-slower,195,0.79033063352108,0.9826097190380096,3.832472974672136,0.0001,0.00015000000000000001
plain-slower,196,0.7947177886962891,0.983257994055748,3.796123783086044,0.0001,0.00015000000000000001
plain-slower,197,0.7915693521499634,0.9830683767795563,3.909834347467048,0.0001,0.00015000000000000001
plain-slower,198,0.7893255800008774,0.9836016297340393,3.817729310644394,0.0001,0.00015000000000000001
plain-slower,199,0.793313667178154,0.9836540818214417,3.8119682461984685,0.0001,0.00015000000000000001
plain-slower,200,0.8008898049592972,0.982622429728508,3.72995133445012,0.0001,0.00015000000000000001
plain-slower,201,0.7883623689413071,0.9839589893817902,3.7758762951463742,0.0001,0.00015000000000000001
plain-slower,202,0.7660496681928635,0.983193889260292,3.636582073185992,0.0001,0.00015000000000000001
plain-slower,203,0.7893048077821732,0.9829186648130417,3.842816335203032,0.0001,0.00015000000000000001
plain-slower,204,0.7698398381471634,0.9837981909513474,3.688237956648471,0.0001,0.00015000000000000001
plain-slower,205,0.7772590219974518,0.9828839153051376,3.7412440980163657,0.0001,0.00015000000000000001
plain-slower,206,0.7800869196653366,0.9842595160007477,3.9323974290295634,0.0001,0.00015000000000000001
plain-slower,207,0.7521031945943832,0.9837963879108429,3.7313311648983984,0.0001,0.00015000000000000001
plain-slower,208,0.7627462595701218,0.9834337681531906,3.739575859421939,0.0001,0.00015000000000000001
plain-slower,209,0.7422575354576111,0.9831896275281906,3.674417381129127,0.0001,0.00015000000000000001
plain-slower,210,0.7493371516466141,0.982748731970787,3.5796085445144508,0.0001,0.00015000000000000001
plain-slower,211,0.7685189098119736,0.9824757725000381,3.7189392467640965,0.0001,0.00015000000000000001
plain-slower,212,0.746366024017334,0.9833203107118607,3.5553351963844912,0.0001,0.00015000000000000001
plain-slower,213,0.759187176823616,0.9829629510641098,3.538302319315678,0.0001,0.00015000000000000001
plain-slower,214,0.750901609659195,0.9826040714979172,3.5784224154800577,0.0001,0.00015000000000000001
plain-slower,215,0.7500044852495193,0.9830729514360428,3.5498501987563666,0.0001,0.00015000000000000001
plain-slower,216,0.7552004307508469,0.9821928888559341,3.4603277362087383,0.0001,0.00015000000000000001
plain-slower,217,0.759454682469368,0.9821707010269165,3.505759260346446,0.0001,0.00015000000000000001
plain-slower,218,0.7582747042179108,0.9834770858287811,3.607986410855107,0.0001,0.00015000000000000001
plain-slower,219,0.7557952404022217,0.983339324593544,3.565960935021144,0.0001,0.00015000000000000001
plain-slower,220,0.7645948082208633,0.9834925532341003,3.603353866483549,0.0001,0.00015000000000000001
plain-slower,221,0.7414862513542175,0.9832286536693573,3.5482007259954798,0.0001,0.00015000000000000001
plain-slower,222,0.7435656785964966,0.9834242910146713,3.4932174917620884,0.0001,0.00015000000000000001
plain-slower,223,0.7622675001621246,0.9811967611312866,3.9373982330274293,0.0001,0.00015000000000000001
plain-slower,224,0.7420300543308258,0.9826142340898514,3.436114948051226,0.0001,0.00015000000000000001
plain-slower,225,0.7462751120328903,0.9828611612319946,3.4735411735736634,0.0001,0.00015000000000000001
plain-slower,226,0.7495661079883575,0.9822093993425369,3.4495432523057072,0.0001,0.00015000000000000001
plain-slower,227,0.749038353562355,0.9823464900255203,3.4570706925650176,0.0001,0.00015000000000000001
plain-slower,228,0.746260941028595,0.983039066195488,3.4476990703824613,0.0001,0.00015000000000000001
plain-slower,229,0.7756636291742325,0.9810497760772705,3.6563906596105924,0.0001,0.00015000000000000001
plain-slower,230,0.7732173353433609,0.982391357421875,3.7791957135699707,0.0001,0.00015000000000000001
plain-slower,231,0.7506722509860992,0.9821896255016327,3.477080440194069,0.0001,0.00015000000000000001
plain-slower,232,0.7598804980516434,0.98178730905056,3.4634474826947894,0.0001,0.00015000000000000001
plain-slower,233,0.7633170485496521,0.9812248200178146,3.421365837857714,0.0001,0.00015000000000000001
plain-slower,234,0.7646716386079788,0.98097163438797,3.4678865363161475,0.0001,0.00015000000000000001
plain-slower,235,0.7747920602560043,0.9823906570672989,3.4173485866751823,0.0001,0.00015000000000000001
plain-slower,236,0.7737817764282227,0.9830572009086609,3.4087774123795653,0.0001,0.00015000000000000001
plain-slower,237,0.7790273874998093,0.9828055799007416,3.4455556057804833,0.0001,0.00015000000000000001
plain-slower,238,0.7802607268095016,0.9825045317411423,3.460348836526692,0.0001,0.00015000000000000001
plain-slower,239,0.7768553793430328,0.9813289046287537,3.443983870305224,0.0001,0.00015000000000000001
plain-slower,240,0.7846366614103317,0.9813289046287537,3.407114540987168,0.0001,0.00015000000000000001
plain-slower,241,0.7878811657428741,0.9813978374004364,3.455314111876039,0.0001,0.00015000000000000001
plain-slower,242,0.7940536886453629,0.9816036373376846,3.445375696896082,0.0001,0.00015000000000000001
plain-slower,243,0.8268097639083862,0.9810086935758591,3.713241581079119,0.0001,0.00015000000000000001
plain-slower,244,0.8064119517803192,0.9816156476736069,3.60244895130237,0.0001,0.00015000000000000001
plain-slower,245,0.8087123185396194,0.9809719026088715,3.667489037198444,0.0001,0.00015000000000000001
plain-slower,246,0.810468003153801,0.9817252904176712,3.62683723876092,0.0001,0.00015000000000000001
plain-slower,247,0.7998815625905991,0.9816734939813614,3.5760412117590397,0.0001,0.00015000000000000001
plain-slower,248,0.8155418932437897,0.981849730014801,3.82240636971529,0.0001,0.00015000000000000001
plain-slower,249,0.8088656514883041,0.9805633276700974,3.5707768374801647,0.0001,0.00015000000000000001
plain-slower,250,0.795838326215744,0.9814218431711197,3.44166998771053,0.0001,0.00015000000000000001
plain-slower,251,0.8121059536933899,0.9820432513952255,3.6194994604652924,0.0001,0.00015000000000000001
plain-slower,252,0.7921660393476486,0.9833535254001617,3.704902285445063,0.0001,0.00015000000000000001
plain-slower,253,0.796120285987854,0.9817022532224655,3.574551597748125,0.0001,0.00015000000000000001
plain-slower,254,0.7991055250167847,0.9824106246232986,3.4128286885936503,0.0001,0.00015000000000000001
plain-slower,255,0.7921987622976303,0.9823024421930313,3.372462847087004,0.0001,0.00015000000000000001
plain-slower,256,0.811262845993042,0.9817008376121521,3.4422783717844236,0.0001,0.00015000000000000001
plain-slower,257,0.7777699083089828,0.9839356690645218,3.319098108706447,0.0001,0.00015000000000000001
plain-slower,258,0.7613339275121689,0.9837748557329178,3.207723363861992,0.0001,0.00015000000000000001
plain-slower,259,0.7676122188568115,0.9830197244882584,3.3861144525962987,0.0001,0.00015000000000000001
plain-slower,260,0.7517202645540237,0.9829804301261902,3.262937683423204,0.0001,0.00015000000000000001
plain-slower,261,0.7507756501436234,0.9815787971019745,3.243221764385615,0.0001,0.00015000000000000001
plain-slower,262,0.7505544126033783,0.9812513589859009,3.1375670148263812,0.0001,0.00015000000000000001
plain-slower,263,0.7754531055688858,0.9808318018913269,3.300184231003523,0.0001,0.00015000000000000001
plain-slower,264,0.7689632475376129,0.9831977933645248,3.288952255217228,0.0001,0.00015000000000000001
plain-slower,265,0.7562439292669296,0.9834853857755661,3.183512733376997,0.0001,0.00015000000000000001
plain-slower,266,0.7642325311899185,0.9832130372524261,3.0884157677142072,0.0001,0.00015000000000000001
plain-slower,267,0.7850854247808456,0.9823480248451233,3.2714488114023736,0.0001,0.00015000000000000001
plain-slower,268,0.796982541680336,0.9816044718027115,3.231714909532152,0.0001,0.00015000000000000001
plain-slower,269,0.7893641740083694,0.9814301282167435,3.1701810402809723,0.0001,0.00015000000000000001
plain-slower,270,0.7909345626831055,0.981637492775917,3.1862245175901878,0.0001,0.00015000000000000001
plain-slower,271,0.7730869054794312,0.9824016243219376,3.1197410924558153,0.0001,0.00015000000000000001
plain-slower,272,0.7720862179994583,0.9815130233764648,3.0976912991227463,0.0001,0.00015000000000000001
plain-slower,273,0.7761018574237823,0.9836264997720718,3.0270917787256457,0.0001,0.00015000000000000001
plain-slower,274,0.7580120414495468,0.9829379767179489,2.9263359009857046,0.0001,0.00015000000000000001
plain-slower,275,0.7729311734437943,0.9834599643945694,3.091705570920662,0.0001,0.00015000000000000001
plain-slower,276,0.7717495560646057,0.9826492220163345,2.9076552358715295,0.0001,0.00015000000000000001
plain-slower,277,0.7754496186971664,0.9817256778478622,2.885304655993794,0.0001,0.00015000000000000001
plain-slower,278,0.7942747622728348,0.9819284528493881,3.0757911831010167,0.0001,0.00015000000000000001
plain-slower,279,0.7987629324197769,0.9821373820304871,3.0981586030457313,0.0001,0.00015000000000000001
plain-slower,280,0.8111065477132797,0.9821648746728897,3.3046151903471976,0.0001,0.00015000000000000001
plain-slower,281,0.8054127842187881,0.9819466769695282,3.147716053998695,0.0001,0.00015000000000000001
plain-slower,282,0.8228267133235931,0.9825997054576874,3.239184305880609,0.0001,0.00015000000000000001
plain-slower,283,0.8177750110626221,0.9823555052280426,3.0356081979696388,0.0001,0.00015000000000000001
plain-slower,284,0.8500321209430695,0.9819117188453674,3.1557917088230263,0.0001,0.00015000000000000001
plain-slower,285,0.8243757039308548,0.982902780175209,3.2430806355205015,0.0001,0.00015000000000000001
plain-slower,286,0.8062536269426346,0.9834392070770264,3.0272830409375846,0.0001,0.00015000000000000001
plain-slower,287,0.7981280088424683,0.9832859933376312,3.0715585922892745,0.0001,0.00015000000000000001
plain-slower,288,0.7868485003709793,0.9828877747058868,3.087222100621502,0.0001,0.00015000000000000001
plain-slower,289,0.7993723750114441,0.982493981719017,3.020808341572165,0.0001,0.00015000000000000001
plain-slower,290,0.8063721805810928,0.9824209213256836,3.0690177888486514,0.0001,0.00015000000000000001
plain-slower,291,0.8069194555282593,0.9829819202423096,2.9977013996737454,0.0001,0.00015000000000000001
plain-slower,292,0.8057861626148224,0.9834459722042084,2.976053204365492,0.0001,0.00015000000000000001
plain-slower,293,0.813642755150795,0.9838360100984573,3.0314047389352528,0.0001,0.00015000000000000001
plain-slower,294,0.8078063875436783,0.9843578338623047,3.107729880283284,0.0001,0.00015000000000000001
plain-slower,295,0.7927237004041672,0.9834078997373581,3.0528979216845276,0.0001,0.00015000000000000001
plain-slower,296,0.7963231801986694,0.9841161668300629,2.9558164694907854,0.0001,0.00015000000000000001
plain-slower,297,0.7915488630533218,0.9844328761100769,2.922634425312233,0.0001,0.00015000000000000001
plain-slower,298,0.7994754910469055,0.9840133041143417,2.9192511222161732,0.0001,0.00015000000000000001
plain-slower,299,0.7825048267841339,0.984299823641777,2.8547579513581107,0.0001,0.00015000000000000001
plain-slower,300,0.7919512838125229,0.9842637181282043,2.827133949129795,0.0001,0.00015000000000000001
plain-slower,301,0.7833820283412933,0.9840901792049408,2.8761443668851685,0.0001,0.00015000000000000001
plain-slower,302,0.7989703565835953,0.9849408268928528,2.824733454640605,0.0001,0.00015000000000000001
plain-slower,303,0.7993186116218567,0.9852516800165176,2.9054477240667134,0.0001,0.00015000000000000001
plain-slower,304,0.7933883517980576,0.9845401346683502,2.91845352762881,0.0001,0.00015000000000000001
plain-slower,305,0.7934906184673309,0.9846360236406326,2.9364705402435716,0.0001,0.00015000000000000001
plain-slower,306,0.7587871551513672,0.9850241094827652,2.8484313451635406,0.0001,0.00015000000000000001
plain-slower,307,0.7688816785812378,0.9844473600387573,2.879687195785297,0.0001,0.00015000000000000001
plain-slower,308,0.7544245421886444,0.984022781252861,2.8088750526718704,0.0001,0.00015000000000000001
plain-slower,309,0.7550524473190308,0.9844191521406174,2.8159770414154184,0.0001,0.00015000000000000001
plain-slower,310,0.773786872625351,0.9840876758098602,3.0072140371110656,0.0001,0.00015000000000000001
plain-slower,311,0.7544337958097458,0.9854225963354111,2.8833594610489586,0.0001,0.00015000000000000001
plain-slower,312,0.744064673781395,0.9854372143745422,2.878436668870215,0.0001,0.00015000000000000001
plain-slower,313,0.7215539664030075,0.9853712022304535,2.8353632840545644,0.0001,0.00015000000000000001
plain-slower,314,0.7153110057115555,0.9853244423866272,2.807284989379791,0.0001,0.00015000000000000001
plain-slower,315,0.7081586569547653,0.9853786081075668,2.7874639358444533,0.0001,0.00015000000000000001
plain-slower,316,0.7164701521396637,0.9852306991815567,2.811559350905062,0.0001,0.00015000000000000001
plain-slower,317,0.7148113697767258,0.9849003851413727,2.7993465095642307,0.0001,0.00015000000000000001
plain-slower,318,0.7077195942401886,0.9851796329021454,2.7441772975439025,0.0001,0.00015000000000000001
plain-slower,319,0.6912091076374054,0.9849286526441574,2.62684825216926,0.0001,0.00015000000000000001
plain-slower,320,0.6958194226026535,0.9849432408809662,2.5959222011661334,0.0001,0.00015000000000000001
plain-slower,321,0.7229131311178207,0.9846591055393219,2.694948894374152,0.0001,0.00015000000000000001
plain-slower,322,0.7322031855583191,0.9837182611227036,2.7811781795164228,0.0001,0.00015000000000000001
plain-slower,323,0.7184276729822159,0.9844557195901871,2.6892882091256345,0.0001,0.00015000000000000001
plain-slower,324,0.7103528380393982,0.984452486038208,2.6685207830452744,0.0001,0.00015000000000000001
plain-slower,325,0.7011708617210388,0.9847134947776794,2.5679586501937286,0.0001,0.00015000000000000001
plain-slower,326,0.721886083483696,0.9852218776941299,2.5660872042359477,0.0001,0.00015000000000000001
plain-slower,327,0.731278121471405,0.984877198934555,2.5876286018179004,0.0001,0.00015000000000000001
plain-slower,328,0.7270481437444687,0.9841119647026062,2.58141693537456,0.0001,0.00015000000000000001
plain-slower,329,0.7205246835947037,0.9847866743803024,2.5625750022693796,0.0001,0.00015000000000000001
plain-slower,330,0.7140162736177444,0.9854424744844437,2.4663347633101216,0.0001,0.00015000000000000001
plain-slower,331,0.7313069850206375,0.9854681193828583,2.524800970545712,0.0001,0.00015000000000000001
plain-slower,332,0.7279906719923019,0.9847435504198074,2.5265426688534465,0.0001,0.00015000000000000001
plain-slower,333,0.7386806309223175,0.9858684539794922,2.5684389009730513,0.0001,0.00015000000000000001
plain-slower,334,0.7386524081230164,0.9854309558868408,2.562052395635845,0.0001,0.00015000000000000001
plain-slower,335,0.7389752119779587,0.9847643673419952,2.579065040096923,0.0001,0.00015000000000000001
plain-slower,336,0.7464147657155991,0.9844978004693985,2.5363659771924127,0.0001,0.00015000000000000001
plain-slower,337,0.7485319972038269,0.9850668609142303,2.537055963991595,0.0001,0.00015000000000000001
plain-slower,338,0.753295511007309,0.9844665080308914,2.5444977053763034,0.0001,0.00015000000000000001
plain-slower,339,0.740492433309555,0.9854444861412048,2.461563304359924,0.0001,0.00015000000000000001
plain-slower,340,0.7538536041975021,0.9849400669336319,2.5520872519567552,0.0001,0.00015000000000000001
plain-slower,341,0.7645647376775742,0.9846689105033875,2.647588110807758,0.0001,0.00015000000000000001
plain-slower,342,0.746537983417511,0.9846375584602356,2.4927923637886518,0.0001,0.00015000000000000001
plain-slower,343,0.7513955235481262,0.985686868429184,2.5951495295276663,0.0001,0.00015000000000000001
plain-slower,344,0.7489376962184906,0.9860260635614395,2.4179055558867395,0.0001,0.00015000000000000001
plain-slower,345,0.7444503307342529,0.9846237897872925,2.437188145233311,0.0001,0.00015000000000000001
plain-slower,346,0.7410991191864014,0.9848921746015549,2.357064469015516,0.0001,0.00015000000000000001
plain-slower,347,0.7461283206939697,0.9853079468011856,2.384474791489198,0.0001,0.00015000000000000001
plain-slower,348,0.7360791712999344,0.985283300280571,2.3078147838783702,0.0001,0.00015000000000000001
plain-slower,349,0.7420992255210876,0.9850123375654221,2.3727879414002366,0.0001,0.00015000000000000001
plain-slower,350,0.7471294403076172,0.9847300797700882,2.3584610384090965,0.0001,0.00015000000000000001
plain-slower,351,0.7515405565500259,0.9847328960895538,2.482040262374153,0.0001,0.00015000000000000001
plain-slower,352,0.7498880624771118,0.9850870072841644,2.388740908454592,0.0001,0.00015000000000000001
plain-slower,353,0.7480508387088776,0.9848509281873703,2.444972192329531,0.0001,0.00015000000000000001
plain-slower,354,0.7530365586280823,0.985382542014122,2.3130310833213046,0.0001,0.00015000000000000001
plain-slower,355,0.7483382970094681,0.9854494035243988,2.3734062315329862,0.0001,0.00015000000000000001
plain-slower,356,0.7632405757904053,0.985480397939682,2.3671975776675014,0.0001,0.00015000000000000001
plain-slower,357,0.7621162533760071,0.9855973422527313,2.306325163641795,0.0001,0.00015000000000000001
plain-slower,358,0.7612536400556564,0.9856121093034744,2.3070062281113852,0.0001,0.00015000000000000001
plain-slower,359,0.7631808668375015,0.9862834066152573,2.3525860279165647,0.0001,0.00015000000000000001
plain-slower,360,0.7583719193935394,0.9862589836120605,2.3594761506515542,0.0001,0.00015000000000000001
plain-slower,361,0.7591442614793777,0.9857760220766068,2.3372799910386095,0.0001,0.00015000000000000001
plain-slower,362,0.777619868516922,0.9855733662843704,2.4619034842458367,0.0001,0.00015000000000000001
plain-slower,363,0.7890366613864899,0.9852007180452347,2.58896112339047,0.0001,0.00015000000000000001
plain-slower,364,0.7940632104873657,0.9859742671251297,2.4775404693562804,0.0001,0.00015000000000000001
plain-slower,365,0.7803215086460114,0.9854444265365601,2.527413646077816,0.0001,0.00015000000000000001
plain-slower,366,0.782402753829956,0.9857114404439926,2.463671594593121,0.0001,0.00015000000000000001
plain-slower,367,0.7932397127151489,0.9857322126626968,2.4602264427292106,0.0001,0.00015000000000000001
plain-slower,368,0.7980894446372986,0.9860990792512894,2.618341076734105,0.0001,0.00015000000000000001
plain-slower,369,0.805851623415947,0.9842832833528519,2.6547160065624618,0.0001,0.00015000000000000001
plain-slower,370,0.7906863838434219,0.9858459979295731,2.5944774600673477,0.0001,0.00015000000000000001
plain-slower,371,0.7933519184589386,0.9852140098810196,2.3972820874700114,0.0001,0.00015000000000000001
plain-slower,372,0.7904367595911026,0.9856750667095184,2.4501581292253154,0.0001,0.00015000000000000001
plain-slower,373,0.7787610590457916,0.9860279411077499,2.434013197926658,0.0001,0.00015000000000000001
plain-slower,374,0.774500846862793,0.9867473095655441,2.3110131594008445,0.0001,0.00015000000000000001
plain-slower,375,0.7837862819433212,0.9859880954027176,2.609132344788855,0.0001,0.00015000000000000001
plain-slower,376,0.782538577914238,0.9862849861383438,2.4069859082441956,0.0001,0.00015000000000000001
plain-slower,377,0.7524170577526093,0.986117422580719,2.2774256194947884,0.0001,0.00015000000000000001
plain-slower,378,0.7749939411878586,0.9854483902454376,2.3424405184409567,0.0001,0.00015000000000000001
plain-slower,379,0.76349076628685,0.9860087037086487,2.3830636252084307,0.0001,0.00015000000000000001
plain-slower,380,0.7715356647968292,0.9853888303041458,2.463185703871252,0.0001,0.00015000000000000001
plain-slower,381,0.7792860567569733,0.9861804842948914,2.576469061319504,0.0001,0.00015000000000000001
plain-slower,382,0.7665619850158691,0.9873654991388321,2.607283505998043,0.0001,0.00015000000000000001
plain-slower,383,0.7782883793115616,0.985234871506691,2.483444738700486,0.0001,0.00015000000000000001
plain-slower,384,0.7673188894987106,0.9865458905696869,2.422234667575936,0.0001,0.00015000000000000001
plain-slower,385,0.7729777842760086,0.9859082251787186,2.5460105336939844,0.0001,0.00015000000000000001
plain-slower,386,0.7702031433582306,0.98627670109272,2.467341068442281,0.0001,0.00015000000000000001
plain-slower,387,0.7619094401597977,0.9857320338487625,2.3873478439870137,0.0001,0.00015000000000000001
plain-slower,388,0.7674419432878494,0.9866622388362885,2.382567707085226,0.0001,0.00015000000000000001
plain-slower,389,0.7476072907447815,0.9870076775550842,2.3301938355163845,0.0001,0.00015000000000000001
plain-slower,390,0.7488081455230713,0.9869928807020187,2.315758488781552,0.0001,0.00015000000000000001
plain-slower,391,0.7465756982564926,0.9870648384094238,2.2930308368289904,0.0001,0.00015000000000000001
plain-slower,392,0.7367154806852341,0.9877668470144272,2.291211610396947,0.0001,0.00015000000000000001
plain-slower,393,0.7225953936576843,0.9874062836170197,2.230968745628285,0.0001,0.00015000000000000001
plain-slower,394,0.7364388257265091,0.9867678880691528,2.3389549693497207,0.0001,0.00015000000000000001
plain-slower,395,0.7384592294692993,0.9872196167707443,2.3130975323508913,0.0001,0.00015000000000000001
plain-slower,396,0.7553364187479019,0.9865754842758179,2.631057648679087,0.0001,0.00015000000000000001
plain-slower,397,0.751536175608635,0.9851702600717545,2.488669822745485,0.0001,0.00015000000000000001
plain-slower,398,0.7381793111562729,0.9867641031742096,2.2875399740159694,0.0001,0.00015000000000000001
plain-slower,399,0.7391300797462463,0.9863983243703842,2.2404607415006343,0.0001,0.00015000000000000001
plain-slower,400,0.7264978885650635,0.9874475300312042,2.173594121422254,0.0001,0.00015000000000000001
plain-slower,401,0.7359396070241928,0.9873331040143967,2.243652120847609,0.0001,0.00015000000000000001
plain-slower,402,0.7370951026678085,0.9873854964971542,2.365966580543008,0.0001,0.00015000000000000001
plain-slower,403,0.730686753988266,0.9872464537620544,2.1923112766003863,0.0001,0.00015000000000000001
plain-slower,404,0.7303753942251205,0.9873454123735428,2.2056720573960384,0.0001,0.00015000000000000001
plain-slower,405,0.714972585439682,0.9874696582555771,2.162932181549766,0.0001,0.00015000000000000001
plain-slower,406,0.729020357131958,0.9878659099340439,2.1548999337600754,0.0001,0.00015000000000000001
plain-slower,407,0.7186422199010849,0.9877948462963104,2.118628875503481,0.0001,0.00015000000000000001
plain-slower,408,0.7281398624181747,0.9872846901416779,2.1746324263962054,0.0001,0.00015000000000000001
plain-slower,409,0.7355880290269852,0.9873928427696228,2.3301377472992977,0.0001,0.00015000000000000001
plain-slower,410,0.726216271519661,0.9872943460941315,2.1438645310195197,0.0001,0.00015000000000000001
plain-slower,411,0.7288578152656555,0.9877754002809525,2.17242034062927,0.0001,0.00015000000000000001
plain-slower,412,0.7208294123411179,0.9871932864189148,2.0933776016994416,0.0001,0.00015000000000000001
plain-slower,413,0.7396335303783417,0.9877339154481888,2.279379173148388,0.0001,0.00015000000000000001
plain-slower,414,0.7139996141195297,0.9877693802118301,2.119110235048968,0.0001,0.00015000000000000001
plain-slower,415,0.725526750087738,0.987332284450531,2.0875098565660872,0.0001,0.00015000000000000001
plain-slower,416,0.7241152673959732,0.9869733154773712,2.1154110098691876,0.0001,0.00015000000000000001
plain-slower,417,0.7210444062948227,0.9871440380811691,2.1030950018588035,0.0001,0.00015000000000000001
plain-slower,418,0.7196171432733536,0.9869806170463562,2.0548520432145105,0.0001,0.00015000000000000001
plain-slower,419,0.7126782685518265,0.9876578748226166,2.056604290788904,0.0001,0.00015000000000000001
plain-slower,420,0.7236461937427521,0.9869168400764465,2.067276799306716,0.0001,0.00015000000000000001
plain-slower,421,0.7151411771774292,0.9874697923660278,2.0148799379928963,0.0001,0.00015000000000000001
plain-slower,422,0.7269932776689529,0.9868810921907425,2.1333138971599,0.0001,0.00015000000000000001
plain-slower,423,0.7057671844959259,0.9870486706495285,1.9943095177617018,0.0001,0.00015000000000000001
plain-slower,424,0.7387740612030029,0.9868458658456802,2.0366380762703424,0.0001,0.00015000000000000001
plain-slower,425,0.7201654613018036,0.9876269996166229,2.0183529980441732,0.0001,0.00015000000000000001
plain-slower,426,0.7177850902080536,0.9880336970090866,2.0507445581778416,0.0001,0.00015000000000000001
plain-slower,427,0.7300527989864349,0.9873252660036087,2.120717040556577,0.0001,0.00015000000000000001
plain-slower,428,0.7305978536605835,0.9867860823869705,2.07035416012458,0.0001,0.00015000000000000001
plain-slower,429,0.7268978953361511,0.9870892316102982,2.0347969255889917,0.0001,0.00015000000000000001
plain-slower,430,0.7252813279628754,0.9869548231363297,2.010450328209552,0.0001,0.00015000000000000001
plain-slower,431,0.722788617014885,0.9862024635076523,2.1149658952232278,0.0001,0.00015000000000000001
plain-slower,432,0.7242943197488785,0.9867303669452667,2.0536908172540165,0.0001,0.00015000000000000001
plain-slower,433,0.725247323513031,0.9869799464941025,2.1887880317059127,0.0001,0.00015000000000000001
plain-slower,434,0.7229996174573898,0.9872516989707947,2.042054659490982,0.0001,0.00015000000000000001
plain-slower,435,0.7075339406728745,0.987002357840538,1.9987193438248498,0.0001,0.00015000000000000001
plain-slower,436,0.7217828035354614,0.9866029471158981,2.029874067767965,0.0001,0.00015000000000000001
plain-slower,437,0.7064851224422455,0.9877119064331055,1.9214533422343703,0.0001,0.00015000000000000001
plain-slower,438,0.7346529811620712,0.9867290556430817,2.006295585691809,0.0001,0.00015000000000000001
plain-slower,439,0.7239811569452286,0.9865025281906128,2.0267562329048108,0.0001,0.00015000000000000001
plain-slower,440,0.7175833284854889,0.9879911541938782,1.9262928237996835,0.0001,0.00015000000000000001
plain-slower,441,0.7192189544439316,0.9868910610675812,1.871937229392165,0.0001,0.00015000000000000001
plain-slower,442,0.7269512861967087,0.9856344014406204,1.9681950307884064,0.0001,0.00015000000000000001
plain-slower,443,0.7146230638027191,0.9875091016292572,1.886388678080122,0.0001,0.00015000000000000001
plain-slower,444,0.7119892835617065,0.9869058579206467,1.8730909691367688,0.0001,0.00015000000000000001
plain-slower,445,0.7257897108793259,0.9875092506408691,1.9524497645137393,0.0001,0.00015000000000000001
plain-slower,446,0.7289627492427826,0.9868956357240677,1.8467641529964625,0.0001,0.00015000000000000001
plain-slower,447,0.7438492178916931,0.985778346657753,2.073684087498714,0.0001,0.00015000000000000001
plain-slower,448,0.7372709661722183,0.9869152903556824,1.9988685820866918,0.0001,0.00015000000000000001
plain-slower,449,0.7370405942201614,0.9865395724773407,1.9925699273729034,0.0001,0.00015000000000000001
plain-slower,450,0.7280217111110687,0.9867352396249771,1.9656322759507205,0.0001,0.00015000000000000001
plain-slower,451,0.7327723205089569,0.9873735308647156,1.8685293945703203,0.0001,0.00015000000000000001
plain-slower,452,0.7208465337753296,0.9874666035175323,1.863933297876646,0.0001,0.00015000000000000001
plain-slower,453,0.7281231582164764,0.9879169911146164,1.8913687291969126,0.0001,0.00015000000000000001
plain-slower,454,0.7099959999322891,0.9881389737129211,1.8004255337751907,0.0001,0.00015000000000000001
plain-slower,455,0.7192173004150391,0.9878545105457306,1.8131890343447474,0.0001,0.00015000000000000001
plain-slower,456,0.7108193337917328,0.9868766218423843,1.7652212375121188,0.0001,0.00015000000000000001
plain-slower,457,0.7233244031667709,0.986954927444458,1.8624007128755211,0.0001,0.00015000000000000001
plain-slower,458,0.7111746519804001,0.9878833740949631,1.7230645779006,0.0001,0.00015000000000000001
plain-slower,459,0.7255502343177795,0.9875154346227646,1.780085289846947,0.0001,0.00015000000000000001
plain-slower,460,0.7220594882965088,0.987400159239769,1.7902551542064604,0.0001,0.00015000000000000001
plain-slower,461,0.7203058749437332,0.9881134480237961,1.7609494438696318,0.0001,0.00015000000000000001
plain-slower,462,0.7154108434915543,0.9882152527570724,1.7648673776239485,0.0001,0.00015000000000000001
plain-slower,463,0.7239468395709991,0.987810879945755,1.7805698005203747,0.0001,0.00015000000000000001
plain-slower,464,0.7239637076854706,0.9872552305459976,1.7412917506515027,0.0001,0.00015000000000000001
plain-slower,465,0.7374572604894638,0.9870305806398392,1.8037281880119675,0.0001,0.00015000000000000001
plain-slower,466,0.7228575199842453,0.9878597110509872,1.7983436368505148,0.0001,0.00015000000000000001
plain-slower,467,0.7277735322713852,0.9873148649930954,1.7044310928242383,0.0001,0.00015000000000000001
plain-slower,468,0.737396702170372,0.9876674264669418,1.770210767103961,0.0001,0.00015000000000000001
plain-slower,469,0.7332486063241959,0.9881239682435989,1.7647564732479424,0.0001,0.00015000000000000001
plain-slower,470,0.7392042726278305,0.987566664814949,1.7311566032678951,0.0001,0.00015000000000000001
plain-slower,471,0.7389866709709167,0.9875933676958084,1.7054789192508149,0.0001,0.00015000000000000001
plain-slower,472,0.7325718700885773,0.9880211353302002,1.6586100855742636,0.0001,0.00015000000000000001
plain-slower,473,0.735392227768898,0.9876200556755066,1.688140890248987,0.0001,0.00015000000000000001
plain-slower,474,0.7539412677288055,0.987590566277504,1.6976230661529579,0.0001,0.00015000000000000001
plain-slower,475,0.7516108751296997,0.9879758208990097,1.682198326787917,0.0001,0.00015000000000000001
plain-slower,476,0.7600655406713486,0.9877162426710129,1.866895236279461,0.0001,0.00015000000000000001
plain-slower,477,0.7607593536376953,0.9882829636335373,1.7397567790957946,0.0001,0.00015000000000000001
plain-slower,478,0.7567626535892487,0.9879592061042786,1.7306823545803762,0.0001,0.00015000000000000001
plain-slower,479,0.7389028370380402,0.9879469871520996,1.6639089919576342,0.0001,0.00015000000000000001
plain-slower,480,0.7407601326704025,0.9875339269638062,1.817618769039711,0.0001,0.00015000000000000001
plain-slower,481,0.7479816526174545,0.9880957752466202,1.7396577797400667,0.0001,0.00015000000000000001
plain-slower,482,0.7505051046609879,0.9876099675893784,1.6955193297695113,0.0001,0.00015000000000000001
plain-slower,483,0.7510198801755905,0.9879757910966873,1.6610783245650944,0.0001,0.00015000000000000001
plain-slower,484,0.7486118525266647,0.9876716881990433,1.6587653032155096,0.0001,0.00015000000000000001
plain-slower,485,0.7568265348672867,0.987766906619072,1.693411990189641,0.0001,0.00015000000000000001
plain-slower,486,0.7533926665782928,0.9881470948457718,1.6451967895472284,0.0001,0.00015000000000000001
plain-slower,487,0.7607744485139847,0.9874859154224396,1.680038715238776,0.0001,0.00015000000000000001
plain-slower,488,0.764425739645958,0.9874509274959564,1.6847236202744624,0.0001,0.00015000000000000001
plain-slower,489,0.7520570904016495,0.9874644577503204,1.5618422564863723,0.0001,0.00015000000000000001
plain-slower,490,0.7713303565979004,0.9874342232942581,1.6470006745499584,0.0001,0.00015000000000000001
plain-slower,491,0.7675319612026215,0.9877107888460159,1.6388265180283745,0.0001,0.00015000000000000001
plain-slower,492,0.7539139986038208,0.9883109033107758,1.6287434664085447,0.0001,0.00015000000000000001
plain-slower,493,0.7572913318872452,0.9879151880741119,1.6465972765234496,0.0001,0.00015000000000000001
plain-slower,494,0.7613765448331833,0.9877588152885437,1.653391724211953,0.0001,0.00015000000000000001
plain-slower,495,0.7491858452558517,0.9883464127779007,1.6169661836685605,0.0001,0.00015000000000000001
plain-slower,496,0.7460707277059555,0.9874597042798996,1.567504396273113,0.0001,0.00015000000000000001
plain-slower,497,0.7458066344261169,0.9871030896902084,1.57914945114407,0.0001,0.00015000000000000001
plain-slower,498,0.7459439039230347,0.9876057505607605,1.5533532028053925,0.0001,0.00015000000000000001
plain-slower,499,0.7487820833921432,0.9875233322381973,1.5863568565884485,0.0001,0.00015000000000000001
plain-slower,500,0.7495826482772827,0.9872918277978897,1.615875210092939,0.0001,0.00015000000000000001
plain-slower,501,0.7670024782419205,0.987086683511734,1.66052571300043,0.0001,0.00015000000000000001
plain-slower,502,0.7756755650043488,0.9871045500040054,1.7830823696534734,0.0001,0.00015000000000000001
plain-slower,503,0.7472730129957199,0.9873718768358231,1.682015728751042,0.0001,0.00015000000000000001
plain-slower,504,0.7501697093248367,0.9881403893232346,1.6560671010567292,0.0001,0.00015000000000000001
plain-slower,505,0.7611105889081955,0.9882420897483826,1.7876768750770435,0.0001,0.00015000000000000001
plain-slower,506,0.7553354054689407,0.9867924898862839,1.759449411005914,0.0001,0.00015000000000000001
plain-slower,507,0.7693151235580444,0.9872203171253204,1.8846264613013632,0.0001,0.00015000000000000001
plain-slower,508,0.7489354312419891,0.9878329336643219,1.882081749690864,0.0001,0.00015000000000000001
plain-slower,509,0.7578720301389694,0.9866166859865189,1.8643544761351596,0.0001,0.00015000000000000001
plain-slower,510,0.7530051469802856,0.9879524856805801,1.7369099367543663,0.0001,0.00015000000000000001
plain-slower,511,0.7430267333984375,0.9879586100578308,1.6982848794135879,0.0001,0.00015000000000000001
plain-slower,512,0.7448994964361191,0.9883607029914856,1.6728434930018377,0.0001,0.00015000000000000001
plain-slower,513,0.7469683587551117,0.9883902072906494,1.6735193587719162,0.0001,0.00015000000000000001
plain-slower,514,0.7669408023357391,0.9877919703722,1.8106542293725216,0.0001,0.00015000000000000001
plain-slower,515,0.7656934261322021,0.9878850430250168,1.9065888229835912,0.0001,0.00015000000000000001
plain-slower,516,0.7636739760637283,0.9876168221235275,1.887331329962448,0.0001,0.00015000000000000001
plain-slower,517,0.7591745406389236,0.9878691285848618,1.7701134330717652,0.0001,0.00015000000000000001
plain-slower,518,0.76181460916996,0.9875760674476624,1.805322537790731,0.0001,0.00015000000000000001
plain-slower,519,0.7625576108694077,0.9879477173089981,1.8269809440417553,0.0001,0.00015000000000000001
plain-slower,520,0.7464404702186584,0.9884190857410431,1.716945552858794,0.0001,0.00015000000000000001
plain-slower,521,0.7516165524721146,0.9886364936828613,1.7871323315252543,0.0001,0.00015000000000000001
plain-slower,522,0.7442952990531921,0.9880170524120331,1.793073025952833,0.0001,0.00015000000000000001
plain-slower,523,0.7444234043359756,0.9885307550430298,1.7541798312265604,0.0001,0.00015000000000000001
plain-slower,524,0.7315147519111633,0.98833829164505,1.7084532687519414,0.0001,0.00015000000000000001
plain-slower,525,0.7315749675035477,0.9886059015989304,1.7074180704366269,0.0001,0.00015000000000000001
plain-slower,526,0.7234921604394913,0.988673523068428,1.6833970736458166,0.0001,0.00015000000000000001
plain-slower,527,0.731280580163002,0.9886182248592377,1.7180973023334638,0.0001,0.00015000000000000001
plain-slower,528,0.7491466253995895,0.9886276870965958,1.978579402301271,0.0001,0.00015000000000000001
plain-slower,529,0.7316326946020126,0.9882630556821823,1.835784457622478,0.0001,0.00015000000000000001
plain-slower,530,0.7306948006153107,0.9884050190448761,1.700364706738688,0.0001,0.00015000000000000001
plain-slower,531,0.7378720939159393,0.9883618205785751,1.819542452657609,0.0001,0.00015000000000000001
plain-slower,532,0.7230155169963837,0.9887570440769196,1.7221337641977306,0.0001,0.00015000000000000001
plain-slower,533,0.7227238565683365,0.9888693243265152,1.7413483880503113,0.0001,0.00015000000000000001
plain-slower,534,0.7169214636087418,0.988731250166893,1.840203127022221,0.0001,0.00015000000000000001
plain-slower,535,0.6952749788761139,0.988985687494278,1.7169167048288831,0.0001,0.00015000000000000001
plain-slower,536,0.7130587249994278,0.9886905699968338,1.8429831405148018,0.0001,0.00015000000000000001
plain-slower,537,0.7031783759593964,0.9892288744449615,1.7374063502458343,0.0001,0.00015000000000000001
plain-slower,538,0.7013498693704605,0.988017275929451,1.8094705285568653,0.0001,0.00015000000000000001
plain-slower,539,0.6958942264318466,0.9885224550962448,1.6137045975773228,0.0001,0.00015000000000000001
plain-slower,540,0.7026110291481018,0.9886264652013779,1.6778056835559418,0.0001,0.00015000000000000001
plain-slower,541,0.6841179430484772,0.988723024725914,1.6310980888017694,0.0001,0.00015000000000000001
plain-slower,542,0.687734454870224,0.9880926609039307,1.5536244152114933,0.0001,0.00015000000000000001
plain-slower,543,0.6919990181922913,0.9885782301425934,1.607894312654278,0.0001,0.00015000000000000001
plain-slower,544,0.6883742064237595,0.9886049181222916,1.5990317109757375,0.0001,0.00015000000000000001
plain-slower,545,0.7009801417589188,0.988105982542038,1.6305818951592603,0.0001,0.00015000000000000001
plain-slower,546,0.688566729426384,0.9893195033073425,1.5575706644155154,0.0001,0.00015000000000000001
plain-slower,547,0.6880831122398376,0.9893732964992523,1.5520649276546823,0.0001,0.00015000000000000001
plain-slower,548,0.6826543360948563,0.9889391660690308,1.5152186556277178,0.0001,0.00015000000000000001
plain-slower,549,0.6808653622865677,0.9889476597309113,1.5457045383977643,0.0001,0.00015000000000000001
plain-slower,550,0.6744880825281143,0.9892135858535767,1.4794609871270066,0.0001,0.00015000000000000001
plain-slower,551,0.6698176860809326,0.989334911108017,1.4262260579290773,0.0001,0.00015000000000000001
plain-slower,552,0.6721363216638565,0.9887171238660812,1.4756911650738047,0.0001,0.00015000000000000001
plain-slower,553,0.6778319627046585,0.9889027774333954,1.4182238006619392,0.0001,0.00015000000000000001
plain-slower,554,0.6832677721977234,0.9882016181945801,1.462441747676594,0.0001,0.00015000000000000001
plain-slower,555,0.6715114414691925,0.9893941581249237,1.393029127440056,0.0001,0.00015000000000000001
plain-slower,556,0.689753532409668,0.989456370472908,1.374564979969633,0.0001,0.00015000000000000001
plain-slower,557,0.6952884495258331,0.9888581037521362,1.4210767930018404,0.0001,0.00015000000000000001
plain-slower,558,0.6923163086175919,0.9889678210020065,1.4412446034763509,0.0001,0.00015000000000000001
plain-slower,559,0.698576882481575,0.987505704164505,1.394737004572443,0.0001,0.00015000000000000001
plain-slower,560,0.7009459137916565,0.988603800535202,1.366463913718682,0.0001,0.00015000000000000001
plain-slower,561,0.6986454576253891,0.9889040142297745,1.3271703144297875,0.0001,0.00015000000000000001
plain-slower,562,0.7130688428878784,0.9885518252849579,1.3825270812591117,0.0001,0.00015000000000000001
plain-slower,563,0.7133510410785675,0.9891611039638519,1.352396499386165,0.0001,0.00015000000000000001
plain-slower,564,0.7275047451257706,0.9880086928606033,1.4505025087747827,0.0001,0.00015000000000000001
plain-slower,565,0.7132711261510849,0.989010363817215,1.3599723865272901,0.0001,0.00015000000000000001
plain-slower,566,0.7207028716802597,0.9887122511863708,1.3787666810485415,0.0001,0.00015000000000000001
plain-slower,567,0.7338148057460785,0.9889249801635742,1.376114630451116,0.0001,0.00015000000000000001
plain-slower,568,0.7320362478494644,0.9884694665670395,1.4013716020543714,0.0001,0.00015000000000000001
plain-slower,569,0.7313200235366821,0.9884892404079437,1.3564087800514872,0.0001,0.00015000000000000001
plain-slower,570,0.7374712526798248,0.9888356626033783,1.3617977681263969,0.0001,0.00015000000000000001
plain-slower,571,0.7376312464475632,0.9885710626840591,1.3776490497386031,0.0001,0.00015000000000000001
plain-slower,572,0.7479434460401535,0.9889742434024811,1.3887551159523752,0.0001,0.00015000000000000001
plain-slower,573,0.7540318667888641,0.9886908382177353,1.4396039110596155,0.0001,0.00015000000000000001
plain-slower,574,0.7469357699155807,0.9887661635875702,1.363289452070405,0.0001,0.00015000000000000001
plain-slower,575,0.7571332454681396,0.9887548983097076,1.4129165682543592,0.0001,0.00015000000000000001
plain-slower,576,0.7551027834415436,0.9885572642087936,1.4434925886809364,0.0001,0.00015000000000000001
plain-slower,577,0.7487380802631378,0.988452211022377,1.3814244676877576,0.0001,0.00015000000000000001
plain-slower,578,0.7513003498315811,0.9885149449110031,1.391014737041895,0.0001,0.00015000000000000001
plain-slower,579,0.7620781064033508,0.9887509793043137,1.481997874715714,0.0001,0.00015000000000000001
plain-slower,580,0.754928931593895,0.9889938235282898,1.424339227678839,0.0001,0.00015000000000000001
plain-slower,581,0.7555154263973236,0.9891103059053421,1.41881583261675,0.0001,0.00015000000000000001
plain-slower,582,0.7547220885753632,0.9890304058790207,1.419012375892155,0.0001,0.00015000000000000001
plain-slower,583,0.7559579610824585,0.98861163854599,1.5204066059006316,0.0001,0.00015000000000000001
plain-slower,584,0.7547706514596939,0.9883373230695724,1.4777916105073854,0.0001,0.00015000000000000001
plain-slower,585,0.7668053805828094,0.9888492822647095,1.5568339865207783,0.0001,0.00015000000000000001
plain-slower,586,0.7472591698169708,0.9890297651290894,1.4301803767851804,0.0001,0.00015000000000000001
plain-slower,587,0.7426396757364273,0.9888557940721512,1.446073170202139,0.0001,0.00015000000000000001
plain-slower,588,0.7493049204349518,0.9886738359928131,1.4114814848549548,0.0001,0.00015000000000000001
plain-slower,589,0.7392172366380692,0.9881840944290161,1.387060228123916,0.0001,0.00015000000000000001
plain-slower,590,0.7656661123037338,0.9877230525016785,1.5194181044589288,0.0001,0.00015000000000000001
plain-slower,591,0.755538210272789,0.9889026880264282,1.5660435695291164,0.0001,0.00015000000000000001
plain-slower,592,0.740709513425827,0.989101380109787,1.5438473498070335,0.0001,0.00015000000000000001
plain-slower,593,0.7476449310779572,0.9890983253717422,1.4833471768278812,0.0001,0.00015000000000000001
plain-slower,594,0.7458214908838272,0.9889920055866241,1.5472326181126728,0.0001,0.00015000000000000001
plain-slower,595,0.7563982456922531,0.9884871691465378,1.5286518464111802,0.0001,0.00015000000000000001
plain-slower,596,0.7526473701000214,0.9884199798107147,1.479468884442069,0.0001,0.00015000000000000001
plain-slower,597,0.764477014541626,0.9887151122093201,1.538913245803685,0.0001,0.00015000000000000001
plain-slower,598,0.7282812595367432,0.9886501133441925,1.467609433358474,0.0001,0.00015000000000000001
plain-slower,599,0.7468112409114838,0.9892322719097137,1.5315807475143766,0.0001,0.00015000000000000001
plain-slower,600,0.746795654296875,0.9886128008365631,1.5073539278353039,0.0001,0.00015000000000000001
particle,1,1.7174646258354187,0.0,1.4945082445365567,0.0006,0.0009
particle,2,2.526586174964905,0.8113776948302984,2.9431976843489145,0.0006,0.0009
particle,3,2.6478235125541687,0.91224021371454,5.50800866428164,0.0006,0.0009
particle,4,1.8560979068279266,0.9100721832364798,8.306163980613482,0.0006,0.0009
particle,5,0.9611805975437164,0.9448571549728513,1.2587550506201706,0.0006,0.0009
particle,6,1.2198811918497086,0.9633367266505957,1.8547075281461396,0.0006,0.0009
particle,7,1.1425777524709702,0.9664175845682621,1.6628867130561065,0.0006,0.0009
particle,8,1.211864709854126,0.9593179551884532,1.5845532419161321,0.0006,0.0009
particle,9,1.2152713537216187,0.9669517977163196,2.30707359670238,0.0006,0.0009
particle,10,1.3001708686351776,0.967287645675242,5.632025803022827,0.0006,0.0009
particle,11,4.214633762836456,0.8322603171691298,17.043964777761794,0.0006,0.0009
particle,12,3.305150628089905,0.9487123703584075,10.806630063007402,0.0006,0.0009
particle,13,1.0247606933116913,0.9568470977246761,5.347540465371481,0.0006,0.0009
particle,14,2.21771177649498,0.9645549794659019,9.701092948467315,0.0006,0.0009
particle,15,2.8441905975341797,0.9291477650403976,15.025657922639338,0.0006,0.0009
particle,16,3.389285683631897,0.9513706769794226,11.892101352457932,0.0006,0.0009
particle,17,2.3631070256233215,0.9545775055885315,14.911718973234985,0.0006,0.0009
particle,18,3.681042492389679,0.9527853894978762,12.567437752903436,0.0006,0.0009
particle,19,2.165563464164734,0.9611163046211004,14.097532923967192,0.0006,0.0009
particle,20,3.7654380202293396,0.9507812475785613,13.089495725064372,0.0006,0.0009
particle,21,1.877498060464859,0.9745773943141103,13.441828283350308,0.0006,0.0009
particle,22,3.6890023946762085,0.9628555523231626,13.6053522395527,0.0006,0.0009
particle,23,2.0897274017333984,0.9784340979531407,15.394709334896131,0.0006,0.0009
particle,24,3.7169163823127747,0.962127547711134,14.095313815360068,0.0006,0.0009
particle,25,2.124202787876129,0.9819457586854696,17.331174758954145,0.0006,0.0009
particle,26,4.063511550426483,0.9775133226066828,15.12651245756803,0.0006,0.0009
particle,27,2.278725028038025,0.9817461781203747,16.37197116884138,0.0006,0.0009
particle,28,3.9877763986587524,0.9628852382302284,15.333523511904882,0.0006,0.0009
particle,29,2.73968243598938,0.9790364215150476,20.344862836623314,0.0006,0.0009
particle,30,4.371018350124359,0.9803353426977992,16.77150262117756,0.0006,0.0009
particle,31,3.3903693556785583,0.9757010508328676,23.22954412825524,0.0006,0.0009
particle,32,4.602970600128174,0.9498780323192477,17.095892258597964,0.0006,0.0009
particle,33,3.204636812210083,0.9703498175367713,14.721924117472184,0.0006,0.0009
particle,34,2.7422207593917847,0.9845805317163467,18.11331000829759,0.0006,0.0009
particle,35,5.144126057624817,0.9658918213099241,24.23682317628149,0.0006,0.0009
particle,36,3.806311309337616,0.9808477172628045,20.733525150110808,0.0006,0.0009
particle,37,3.5429545044898987,0.9778620824217796,22.81110418672261,0.0006,0.0009
particle,38,3.6712411642074585,0.9784434773027897,22.17520073452066,0.0006,0.0009
particle,39,3.2170685529708862,0.9746767561882734,25.46469607590991,0.0006,0.0009
particle,40,4.239817202091217,0.9755565924569964,25.25486652279039,0.0006,0.0009
particle,41,3.6045143604278564,0.9767942596226931,30.80782058766679,0.0006,0.0009
particle,42,5.1163328886032104,0.9812229834496975,23.382935740452197,0.0006,0.0009
particle,43,2.7891799211502075,0.9833614500239491,28.608568743748098,0.0006,0.0009
particle,44,5.019533574581146,0.9669339004904032,25.6625503285178,0.0006,0.0009
particle,45,4.1150729060173035,0.9733542911708355,45.761159433827444,0.0006,0.0009
particle,46,4.52964860200882,0.9819926535710692,22.71322617522463,0.0006,0.0009
particle,47,4.107125163078308,0.9759849868714809,32.91662837351203,0.0006,0.0009
particle,48,4.5721142292022705,0.9632380157709122,21.323855982352356,0.0006,0.0009
particle,49,3.688239336013794,0.9811259740963578,24.83484053066141,0.0006,0.0009
particle,50,3.960902512073517,0.9841160057112575,24.62426966119475,0.0006,0.0009
particle,51,4.286685347557068,0.9816264389082789,34.4334498394986,0.0006,0.0009
particle,52,5.322644591331482,0.9786186227574944,25.86813066650118,0.0006,0.0009
particle,53,3.033718556165695,0.9863930298015475,28.073211627239495,0.0006,0.0009
particle,54,5.287037789821625,0.9866485111415386,25.89454499721686,0.0006,0.0009
particle,55,3.8305976390838623,0.9831646289676428,33.182806098956014,0.0006,0.0009
particle,56,4.930527687072754,0.9732730202376842,23.563415506389656,0.0006,0.0009
particle,57,3.1427765488624573,0.9852455416694283,28.582173207383068,0.0006,0.0009
particle,58,4.243931472301483,0.984135520644486,22.20040917367515,0.0006,0.0009
particle,59,2.8678956627845764,0.9864000137895346,18.451798731953613,0.0006,0.0009
particle,60,4.25692355632782,0.9849640987813473,30.237224636051145,0.0006,0.0009
particle,61,5.107781767845154,0.9769577700644732,26.52744986780366,0.0006,0.0009
particle,62,3.4875465035438538,0.986435892060399,33.82919569829486,0.0006,0.0009
particle,63,5.654750287532806,0.9728742726147175,25.314272488631236,0.0006,0.0009
particle,64,2.9260383248329163,0.9879525862634182,23.090944809194493,0.0006,0.0009
particle,65,5.996810615062714,0.9854130204766989,36.79188959610593,0.0006,0.0009
particle,66,5.897451996803284,0.986598159186542,31.929372849716938,0.0006,0.0009
particle,67,4.6606446504592896,0.986629182472825,35.65563992609751,0.0006,0.0009
particle,68,5.415512323379517,0.9850471280515194,32.05687434915079,0.0006,0.0009
particle,69,5.017162442207336,0.9852937720716,37.31232808892123,0.0006,0.0009
particle,70,6.13997209072113,0.984318420290947,31.819663185559147,0.0006,0.0009
particle,71,3.980778217315674,0.9849124988541007,38.227326918192944,0.0006,0.0009
particle,72,6.87920868396759,0.9815012104809284,31.304140631822275,0.0006,0.0009
particle,73,3.528167426586151,0.9875035900622606,32.95299106154079,0.0006,0.0009
particle,74,6.594209313392639,0.9877443220466375,29.62598168661163,0.0006,0.0009
particle,75,3.661824345588684,0.9868898931890726,35.67618656739345,0.0006,0.0009
particle,76,6.553667068481445,0.9716202961280942,25.414291097071658,0.0006,0.0009
particle,77,3.869826912879944,0.985774558968842,22.8101775377595,0.0006,0.0009
particle,78,5.047274231910706,0.9860707400366664,46.00443523627271,0.0006,0.0009
particle,79,6.665972113609314,0.9724039360880852,34.17957738384378,0.0006,0.0009
particle,80,4.499140918254852,0.9864628836512566,33.297440029656364,0.0006,0.0009
particle,81,7.204780220985413,0.9852061551064253,43.88623472939827,0.0006,0.0009
particle,82,5.301599323749542,0.9890944492071867,35.122279821316546,0.0006,0.0009
particle,83,5.4816272258758545,0.985669425688684,37.503913180539854,0.0006,0.0009
particle,84,5.345288932323456,0.9849444245919585,35.21901808781602,0.0006,0.0009
particle,85,4.704408645629883,0.9851437956094742,37.79318311584319,0.0006,0.0009
particle,86,5.362770915031433,0.9840169949457049,34.61422097523951,0.0006,0.0009
particle,87,4.129709303379059,0.9851588439196348,33.28908099803503,0.0006,0.0009
particle,88,5.032299280166626,0.9882623553276062,35.713140600026065,0.0006,0.0009
particle,89,4.378095865249634,0.9852392040193081,37.6172622591387,0.0006,0.0009
particle,90,5.24684464931488,0.9858375266194344,36.5789913015222,0.0006,0.0009
particle,91,4.863686978816986,0.9858110435307026,42.115837796659285,0.0006,0.0009
particle,92,5.627158999443054,0.9858397766947746,37.39181264675027,0.0006,0.0009
particle,93,4.590720951557159,0.9856910593807697,40.6080719349014,0.0006,0.0009
particle,94,6.099292635917664,0.9829762009903789,38.73572006912614,0.0006,0.0009
particle,95,5.3983911871910095,0.9843402840197086,52.823417648868116,0.0006,0.0009
particle,96,6.654595494270325,0.9825630187988281,38.16342121536002,0.0006,0.0009
particle,97,4.56747031211853,0.9834771100431681,52.328011392473464,0.0006,0.0009
particle,98,8.309998869895935,0.9739970080554485,39.51550182679983,0.0006,0.0009
particle,99,4.685433447360992,0.9832267072051764,37.85604264827512,0.0006,0.0009
particle,100,6.8028340339660645,0.9783223532140255,52.92381666740247,0.0006,0.0009
particle,101,6.520176410675049,0.973048085346818,37.11106528820439,0.0006,0.0009
particle,102,7.3212913274765015,0.9804545976221561,54.2428366937966,0.0006,0.0009
particle,103,9.30952525138855,0.9731026403605938,42.219445798751046,0.0006,0.0009
particle,104,4.603599429130554,0.9859751127660275,27.01075666831562,0.0006,0.0009
particle,105,5.672624111175537,0.9877708982676268,52.41651183802054,0.0006,0.0009
particle,106,7.911513090133667,0.9783679489046335,34.764308194599096,0.0006,0.0009
particle,107,4.133444309234619,0.9883052846416831,26.887317315657203,0.0006,0.0009
particle,108,5.7435091733932495,0.9889885727316141,47.35218644742124,0.0006,0.0009
particle,109,6.804452538490295,0.9817234966903925,41.220436973201274,0.0006,0.0009
particle,110,4.402979373931885,0.9892365010455251,36.07654499182017,0.0006,0.0009
particle,111,6.070281386375427,0.9858510894700885,44.26436685387193,0.0006,0.0009
particle,112,6.26721978187561,0.9871411174535751,42.50046779471695,0.0006,0.0009
particle,113,5.876948595046997,0.9856006978079677,49.032839026638214,0.0006,0.0009
particle,114,6.57631778717041,0.9840442147105932,40.25925113498728,0.0006,0.0009
particle,115,4.887073457241058,0.9867242146283388,47.789061814277474,0.0006,0.0009
particle,116,7.850448727607727,0.9876712141558528,46.12270977229409,0.0006,0.0009
particle,117,5.2878294587135315,0.9864446427673101,49.52260355385354,0.0006,0.0009
particle,118,7.869197249412537,0.9846994411200285,45.38795913453039,0.0006,0.0009
particle,119,5.881587505340576,0.9852434294298291,57.42439465216846,0.0006,0.0009
particle,120,8.42504107952118,0.9808063749223948,39.22510370179274,0.0006,0.0009
particle,121,4.995946705341339,0.9879711978137493,43.20290985425888,0.0006,0.0009
particle,122,10.518258571624756,0.9813804645091295,68.45309119538179,0.0006,0.0009
particle,123,8.85863482952118,0.9786307122558355,41.04382775833393,0.0006,0.0009
particle,124,6.647014141082764,0.9872157387435436,17.494063236628968,0.0006,0.0009
particle,125,5.295950531959534,0.988877622410655,24.40725033942291,0.0006,0.0009
particle,126,5.921732664108276,0.9877334581688046,43.13580608028293,0.0006,0.0009
particle,127,7.418749094009399,0.984552638605237,55.21000568923351,0.0006,0.0009
particle,128,8.475010514259338,0.9849533922970295,47.72847992849344,0.0006,0.0009
particle,129,5.5464969873428345,0.980357164517045,49.57302500602873,0.0006,0.0009
particle,130,7.788366794586182,0.9790601218119264,45.11184495551803,0.0006,0.0009
particle,131,9.029090404510498,0.9800126729533076,65.22299886214113,0.0006,0.0009
particle,132,10.675470113754272,0.9835458975285292,47.09043835473157,0.0006,0.0009
particle,133,6.575028300285339,0.987380987033248,60.549071008370454,0.0006,0.0009
particle,134,12.06522512435913,0.9821948334574699,47.63111434135221,0.0006,0.0009
particle,135,5.537185192108154,0.9859429271891713,61.321427188322836,0.0006,0.0009
particle,136,9.721860408782959,0.9707630146294832,37.45113554001594,0.0006,0.0009
particle,137,5.903497576713562,0.9842534055933356,29.650923208011612,0.0006,0.0009
particle,138,9.106510162353516,0.9732496896758676,90.28440885948723,0.0006,0.0009
particle,139,13.447809934616089,0.9616537755355239,48.742187040948004,0.0006,0.0009
particle,140,6.869133830070496,0.9832960953935981,34.38320088761388,0.0006,0.0009
particle,141,9.56544303894043,0.9821115396916866,78.03274324035672,0.0006,0.0009
particle,142,16.776913166046143,0.962167794816196,57.087690282658464,0.0006,0.0009
particle,143,6.015161156654358,0.9804826211184263,59.97833183384883,0.0006,0.0009
particle,144,11.916662216186523,0.9840774834156036,61.881220385025934,0.0006,0.0009
particle,145,16.742318630218506,0.9702119007706642,80.92662950987447,0.0006,0.0009
particle,146,10.483396768569946,0.9849563827738166,57.438001040994,0.0006,0.0009
particle,147,6.374212205410004,0.9865578468888998,84.17381260530712,0.0006,0.0009
particle,148,12.628998041152954,0.9728991370648146,63.86116330923743,0.0006,0.0009
particle,149,6.044645547866821,0.9823498046025634,46.289442683031304,0.0006,0.0009
particle,150,10.58309555053711,0.9763186993077397,77.2270832456168,0.0006,0.0009
particle,151,10.583529949188232,0.9778784308582544,52.575608737810796,0.0006,0.0009
particle,152,8.271348714828491,0.9787761960178614,65.4998149187923,0.0006,0.0009
particle,153,9.99509072303772,0.9794772798195481,56.080921045205926,0.0006,0.0009
particle,154,5.921597182750702,0.9867600118741393,68.87813312103007,0.0006,0.0009
particle,155,11.471172332763672,0.978653609752655,80.64661276604062,0.0006,0.0009
particle,156,7.489208102226257,0.9793075304478407,64.41070724330498,0.0006,0.0009
particle,157,9.410477638244629,0.9505025995895267,67.07861353795195,0.0006,0.0009
particle,158,8.223731279373169,0.9827505322173238,58.01056660087793,0.0006,0.0009
particle,159,5.994244813919067,0.9777080276980996,66.20062299416624,0.0006,0.0009
particle,160,8.782216191291809,0.9790458539500833,51.11009795527257,0.0006,0.0009
particle,161,12.591104745864868,0.980992678552866,78.9783264861244,0.0006,0.0009
particle,162,12.125697374343872,0.9850657442584634,46.98478600990965,0.0006,0.0009
particle,163,6.1054627895355225,0.9879397926852107,27.489288338511724,0.0006,0.0009
particle,164,6.472871422767639,0.9878109162673354,75.01645570687799,0.0006,0.0009
particle,165,12.537972688674927,0.9828747035935521,64.47771587871318,0.0006,0.0009
particle,166,7.415958881378174,0.9842801112681627,75.39883482601907,0.0006,0.0009
particle,167,12.145546317100525,0.9791871951892972,66.60891061740668,0.0006,0.0009
particle,168,6.6622291803359985,0.9880790812894702,34.46124449097831,0.0006,0.0009
particle,169,7.146516442298889,0.9887410057708621,65.47205859981344,0.0006,0.0009
particle,170,8.199017524719238,0.9786431696265936,88.09207528719783,0.0006,0.0009
particle,171,9.24718964099884,0.971861626021564,76.82945053673744,0.0006,0.0009
particle,172,7.27357017993927,0.9673337917774916,65.61922070898902,0.0006,0.0009
particle,173,9.60250198841095,0.905499723739922,88.56649554553294,0.0006,0.0009
particle,174,13.395478963851929,0.965606339275837,61.48100697689173,0.0006,0.0009
particle,175,18.19297981262207,0.9789972826838493,141.8163736656067,0.0006,0.0009
particle,176,12.324123501777649,0.9803837649524212,62.041650309208855,0.0006,0.0009
particle,177,16.24754238128662,0.978143866173923,53.66963271832047,0.0006,0.0009
particle,178,8.087074518203735,0.9819795666262507,60.58857761062798,0.0006,0.0009
particle,179,12.072949886322021,0.9717640951275826,65.82485546145564,0.0006,0.0009
particle,180,28.51778745651245,0.9621614366769791,112.37766141834089,0.0006,0.0009
particle,181,14.150453329086304,0.9838135521858931,59.41685500888573,0.0006,0.0009
particle,182,6.146315574645996,0.9890990098938346,47.95850784242725,0.0006,0.0009
particle,183,9.843133807182312,0.9859197279438376,91.4751372864089,0.0006,0.0009
particle,184,10.963310956954956,0.9763583224266768,64.14566738780972,0.0006,0.0009
particle,185,15.379813194274902,0.9741162778809667,65.77128121012149,0.0006,0.0009
particle,186,12.97396469116211,0.9817660674452782,60.401179499251924,0.0006,0.0009
particle,187,6.3464877009391785,0.982497688382864,88.21136560190234,0.0006,0.0009
particle,188,14.528987646102905,0.9826335925608873,53.390142311083316,0.0006,0.0009
particle,189,6.138482451438904,0.9897230193018913,48.29522568785838,0.0006,0.0009
particle,190,15.037840127944946,0.9848429197445512,102.50507371318726,0.0006,0.0009
particle,191,12.62105417251587,0.986333915963769,74.30191577566042,0.0006,0.0009
particle,192,7.675585150718689,0.9872918576002121,129.77228135291787,0.0006,0.0009
particle,193,14.144258260726929,0.9861545534804463,65.03019569486146,0.0006,0.0009
particle,194,6.4517905712127686,0.9892803011462092,78.72360838113153,0.0006,0.0009
particle,195,10.96915340423584,0.9797245506197214,77.02701675592023,0.0006,0.0009
particle,196,6.772621989250183,0.9874127488583326,68.52128636970453,0.0006,0.0009
particle,197,8.445689082145691,0.986844670958817,84.65712097809443,0.0006,0.0009
particle,198,8.462223291397095,0.9856236167252064,65.37622103042393,0.0006,0.0009
particle,199,11.064204216003418,0.9857072625309229,102.93732926113428,0.0006,0.0009
particle,200,14.984480142593384,0.9808155540376902,90.87544280790817,0.0006,0.0009
particle,201,7.159657955169678,0.9883924163877964,69.28079276601154,0.0006,0.0009
particle,202,7.842759847640991,0.9868165943771601,79.215058651236,0.0006,0.0009
particle,203,7.642199993133545,0.9862574571743608,69.91903705172228,0.0006,0.0009
particle,204,6.030696511268616,0.9858216810971498,76.92160249965683,0.0006,0.0009
particle,205,7.234016537666321,0.984435242600739,80.8934112789033,0.0006,0.0009
particle,206,6.64944314956665,0.9838858367875218,77.7378976857388,0.0006,0.0009
particle,207,6.545636773109436,0.9816025514155626,90.80385167353259,0.0006,0.0009
particle,208,8.516369581222534,0.9810602180659771,85.3668703896843,0.0006,0.0009
particle,209,7.361551284790039,0.9780197348445654,76.72581254828422,0.0006,0.0009
particle,210,7.110093593597412,0.9829744584858418,80.05735237466239,0.0006,0.0009
particle,211,7.424809575080872,0.9820598931983113,95.91640668182309,0.0006,0.0009
particle,212,10.26808249950409,0.9776261141523719,94.8066159715893,0.0006,0.0009
particle,213,7.270934224128723,0.9786120038479567,64.18843537021587,0.0006,0.0009
particle,214,7.268809080123901,0.9835654981434345,85.5825546784561,0.0006,0.0009
particle,215,11.63541865348816,0.9801612934097648,63.60499270381,0.0006,0.0009
particle,216,10.831789374351501,0.9864180404692888,78.14311365896893,0.0006,0.0009
particle,217,11.540539741516113,0.9873657841235399,63.78875650282131,0.0006,0.0009
particle,218,6.565284609794617,0.9898994853720069,47.26546675948243,0.0006,0.0009
particle,219,8.149597883224487,0.9898400940001011,53.363420282283904,0.0006,0.0009
particle,220,5.519176244735718,0.9890474360436201,66.51623243340386,0.0006,0.0009
particle,221,9.30152428150177,0.980643997900188,54.32537880503419,0.0006,0.0009
particle,222,16.27919912338257,0.9865288948640227,86.83859933670146,0.0006,0.0009
particle,223,9.961091995239258,0.989309273660183,77.32433619183671,0.0006,0.0009
particle,224,7.2374924421310425,0.990675799548626,107.79849542833145,0.0006,0.0009
particle,225,13.85595703125,0.9806556357070804,91.82151697795699,0.0006,0.0009
particle,226,8.627856135368347,0.9895533118396997,71.04359315488382,0.0006,0.0009
particle,227,10.91527771949768,0.9836469292640686,76.76366180629887,0.0006,0.0009
particle,228,8.954651117324829,0.9875566586852074,61.651256960821144,0.0006,0.0009
particle,229,6.531861662864685,0.9883645521476865,66.47283965410335,0.0006,0.0009
particle,230,8.642670750617981,0.9861219609156251,60.807814380766864,0.0006,0.0009
particle,231,8.327948093414307,0.9866046030074358,88.21207398681726,0.0006,0.0009
particle,232,11.533949851989746,0.9895046334713697,93.6191783869019,0.0006,0.0009
particle,233,7.041259765625,0.9887927398085594,109.72159672777028,0.0006,0.0009
particle,234,10.996293306350708,0.9870760142803192,99.06575652038373,0.0006,0.0009
particle,235,6.128176689147949,0.9872961137443781,101.14479777205965,0.0006,0.0009
particle,236,8.441036105155945,0.9843385918065906,109.49963709083674,0.0006,0.0009
particle,237,6.660794258117676,0.9715858614072204,104.42137613219617,0.0006,0.0009
particle,238,11.301252484321594,0.9806071510538459,93.74286799889994,0.0006,0.0009
particle,239,11.143762111663818,0.9854931784793735,108.10732431177368,0.0006,0.0009
particle,240,12.476924180984497,0.986944624222815,92.5879971964787,0.0006,0.0009
particle,241,7.350306391716003,0.9881758121773601,94.20267257301144,0.0006,0.0009
particle,242,11.856846332550049,0.9895510012283921,90.03492948561934,0.0006,0.0009
particle,243,7.4695868492126465,0.9896745011210442,91.91396226935632,0.0006,0.0009
particle,244,13.432490825653076,0.9865072229877114,115.40329061068202,0.0006,0.0009
particle,245,8.956861972808838,0.9870027396827936,83.79254848782892,0.0006,0.0009
particle,246,6.744152784347534,0.9908453160896897,109.8109271256622,0.0006,0.0009
particle,247,11.113592386245728,0.987714858725667,110.43828885797006,0.0006,0.0009
particle,248,7.829195439815521,0.989844162017107,95.19743316876583,0.0006,0.0009
particle,249,7.937106132507324,0.9871738227084279,107.35439021772741,0.0006,0.0009
particle,250,8.807521939277649,0.9865066604688764,104.2024403666576,0.0006,0.0009
particle,251,6.456424355506897,0.9869666704908013,106.56440577616563,0.0006,0.0009
particle,252,9.461935639381409,0.9872714672237635,101.65369862445532,0.0006,0.0009
particle,253,8.884774923324585,0.9852956309914589,112.05966710647839,0.0006,0.0009
particle,254,10.7841157913208,0.9879494579508901,105.13252561893425,0.0006,0.0009
particle,255,7.985560655593872,0.9888836275786161,106.97277923397405,0.0006,0.0009
particle,256,10.90243923664093,0.9885322339832783,105.55631617398308,0.0006,0.0009
particle,257,7.302202463150024,0.9887753361836076,104.20874099417797,0.0006,0.0009
particle,258,8.410827994346619,0.9884765855967999,103.84790654440486,0.0006,0.0009
particle,259,8.267555952072144,0.9882834749296308,88.52159987167208,0.0006,0.0009
particle,260,7.004926264286041,0.9868207536637783,93.25877183590968,0.0006,0.0009
particle,261,9.477651834487915,0.9869198417291045,77.7999216576852,0.0006,0.0009
particle,262,6.2994853258132935,0.9884329028427601,78.29617326205954,0.0006,0.0009
particle,263,10.922547101974487,0.9877545358613133,73.53091265037592,0.0006,0.0009
particle,264,9.006728649139404,0.9897497054189444,62.94122014190378,0.0006,0.0009
particle,265,9.569870114326477,0.9901680061593652,63.51996062903467,0.0006,0.0009
particle,266,8.180200576782227,0.9905824968591332,71.35576520497594,0.0006,0.0009
particle,267,9.430171012878418,0.9889200273901224,62.78586697765345,0.0006,0.0009
particle,268,7.0886629819869995,0.9918839083984494,61.14733556205184,0.0006,0.0009
particle,269,9.287086486816406,0.9920907886698842,75.25374804354637,0.0006,0.0009
particle,270,8.03182864189148,0.9916047537699342,94.32794426513716,0.0006,0.0009
particle,271,10.102970480918884,0.992667218670249,88.48844035315015,0.0006,0.0009
particle,272,5.280845642089844,0.992282566614449,93.07935813312082,0.0006,0.0009
particle,273,9.515743374824524,0.9918190576136112,100.39242453139991,0.0006,0.0009
particle,274,6.312901854515076,0.9893974205479026,103.22589214430344,0.0006,0.0009
particle,275,9.673307299613953,0.99045071285218,98.7714014005664,0.0006,0.0009
particle,276,5.636325359344482,0.9889837447553873,102.40838894253203,0.0006,0.0009
particle,277,9.216343641281128,0.9883454982191324,102.30592397499647,0.0006,0.0009
particle,278,6.157636642456055,0.9888014812022448,105.99407690840499,0.0006,0.0009
particle,279,9.314767956733704,0.9865216920152307,109.09007576499002,0.0006,0.0009
particle,280,9.943712711334229,0.986513308249414,90.366104738876,0.0006,0.0009
particle,281,6.940700888633728,0.9894018229097128,91.01053617679898,0.0006,0.0009
particle,282,8.852549314498901,0.9894251991063356,87.48449090299167,0.0006,0.0009
particle,283,9.255709886550903,0.9897460797801614,105.9044871028638,0.0006,0.0009
particle,284,10.034965991973877,0.990450550802052,100.43499363478809,0.0006,0.0009
particle,285,6.416284084320068,0.9919646689668298,110.99783631347476,0.0006,0.0009
particle,286,11.78910207748413,0.9887423077598214,128.13278894772046,0.0006,0.0009
particle,287,7.864265203475952,0.9918928369879723,112.65927947526271,0.0006,0.0009
particle,288,8.393114447593689,0.9906036118045449,117.27374090820835,0.0006,0.0009
particle,289,7.318049788475037,0.9917773315683007,111.21590631600306,0.0006,0.0009
particle,290,8.59885823726654,0.9887711778283119,99.95945535444336,0.0006,0.0009
particle,291,6.9787997007369995,0.9916485166177154,106.41582226631971,0.0006,0.0009
particle,292,7.492023468017578,0.9888518443331122,111.11903712189131,0.0006,0.0009
particle,293,5.872859358787537,0.9907362079247832,110.6043268452773,0.0006,0.0009
particle,294,7.277400493621826,0.9873280161991715,94.90645919226047,0.0006,0.0009
particle,295,7.902979850769043,0.990993145853281,97.60811846117839,0.0006,0.0009
particle,296,9.02210521697998,0.9899774538353086,88.06969744723143,0.0006,0.0009
particle,297,5.878140091896057,0.9926701625809073,96.90000649603462,0.0006,0.0009
particle,298,9.863475322723389,0.9911447875201702,101.64788343960117,0.0006,0.0009
particle,299,6.700644612312317,0.992897268384695,85.58070642048884,0.0006,0.0009
particle,300,8.111981630325317,0.9916083524003625,93.16836187233596,0.0006,0.0009
particle,301,7.1708837151527405,0.9919837219640613,126.32065245675312,0.0006,0.0009
particle,302,9.985563516616821,0.9905521981418133,95.27341159445052,0.0006,0.0009
particle,303,6.167492926120758,0.991496155038476,98.11435355432934,0.0006,0.0009
particle,304,8.642515659332275,0.9922205405309796,95.43788742521929,0.0006,0.0009
particle,305,6.2122029066085815,0.9934775996953249,128.33992135441164,0.0006,0.0009
particle,306,11.523069381713867,0.9902286780998111,101.35112789913788,0.0006,0.0009
particle,307,5.983056902885437,0.9937259163707495,43.79341718250061,0.0006,0.0009
particle,308,7.032372236251831,0.9922853568568826,52.82293062156271,0.0006,0.0009
particle,309,7.912070989608765,0.9939913116395473,87.171399148393,0.0006,0.0009
particle,310,11.923706531524658,0.9906539367511868,78.30569768985096,0.0006,0.0009
particle,311,7.410130500793457,0.9935521706938744,83.39713550024521,0.0006,0.0009
particle,312,7.288160443305969,0.9935496570542455,100.43479082817225,0.0006,0.0009
particle,313,8.532595038414001,0.9918598122894764,81.37693686341221,0.0006,0.0009
particle,314,5.818408846855164,0.9931507408618927,119.4686074456645,0.0006,0.0009
particle,315,11.011933088302612,0.9908984657377005,113.37875158192298,0.0006,0.0009
particle,316,6.109777569770813,0.99379703681916,97.77504777951201,0.0006,0.0009
particle,317,10.431879997253418,0.990801508538425,93.6850017037884,0.0006,0.0009
particle,318,5.0326725244522095,0.9937849789857864,83.55935338057526,0.0006,0.0009
particle,319,7.496302485466003,0.9915478667244315,82.82555303319253,0.0006,0.0009
particle,320,5.28369665145874,0.9933616910129786,58.340741009257385,0.0006,0.0009
particle,321,7.104148268699646,0.992636239156127,72.55530098175973,0.0006,0.0009
particle,322,5.9728140234947205,0.99447828438133,88.7861945247277,0.0006,0.0009
particle,323,8.20960807800293,0.9925847630947828,94.85652568525515,0.0006,0.0009
particle,324,5.3952027559280396,0.9935653936117887,97.07864725115495,0.0006,0.0009
particle,325,7.972377419471741,0.9925606641918421,92.41224340240106,0.0006,0.0009
particle,326,5.093923091888428,0.9938900480046868,63.04513613307926,0.0006,0.0009
particle,327,6.794434666633606,0.9924306310713291,64.49959474617746,0.0006,0.0009
particle,328,5.928641140460968,0.9937399532645941,77.29291292277973,0.0006,0.0009
particle,329,7.62003493309021,0.993423717096448,73.22077745916306,0.0006,0.0009
particle,330,7.203442573547363,0.9934007227420807,62.76799077177575,0.0006,0.0009
particle,331,7.150241255760193,0.9935132097452879,72.161640125985,0.0006,0.0009
particle,332,8.306578159332275,0.9912510961294174,63.315995550437734,0.0006,0.0009
particle,333,5.576199650764465,0.9938624333590269,66.78297998473343,0.0006,0.0009
particle,334,7.388020038604736,0.993691430427134,66.67746616643616,0.0006,0.0009
particle,335,7.899968385696411,0.9931872952729464,64.04243945015897,0.0006,0.0009
particle,336,8.060982823371887,0.9930922975763679,63.13074080505597,0.0006,0.0009
particle,337,5.421799182891846,0.9944573855027556,61.6894184880481,0.0006,0.0009
particle,338,6.97230076789856,0.9938005553558469,66.64334656737839,0.0006,0.0009
particle,339,6.116919279098511,0.9943875093013048,68.44621973860544,0.0006,0.0009
particle,340,7.15786600112915,0.9933170964941382,57.49530169676193,0.0006,0.0009
particle,341,6.46284818649292,0.9938290044665337,60.01935516676921,0.0006,0.0009
particle,342,9.145943403244019,0.9933682102710009,66.29233427154543,0.0006,0.0009
particle,343,8.802711963653564,0.9934046473354101,76.91898858080378,0.0006,0.0009
particle,344,9.288206219673157,0.9927504286170006,79.68523799379805,0.0006,0.0009
particle,345,8.063858091831207,0.9934561941772699,119.08835513143201,0.0006,0.0009
particle,346,12.178243160247803,0.990751682780683,107.36525088733931,0.0006,0.0009
particle,347,5.807231903076172,0.9945666044950485,124.20699220793531,0.0006,0.0009
particle,348,11.507365465164185,0.9910342171788216,112.24457044559936,0.0006,0.0009
particle,349,6.762218952178955,0.9947926513850689,116.35281844183339,0.0006,0.0009
particle,350,12.662208080291748,0.9909870773553848,118.14242238636439,0.0006,0.0009
particle,351,5.865045070648193,0.9944092892110348,115.91363919546495,0.0006,0.0009
particle,352,11.808936953544617,0.9911336963996291,94.11553966223191,0.0006,0.0009
particle,353,5.419755339622498,0.9943999405950308,72.20727607549364,0.0006,0.0009
particle,354,9.530121088027954,0.9915609564632177,82.98453828255613,0.0006,0.0009
particle,355,6.234943151473999,0.9942557541653514,64.70753926919915,0.0006,0.0009
particle,356,6.360759079456329,0.9945533908903599,103.68888633936616,0.0006,0.0009
particle,357,8.37663996219635,0.9948483211919665,127.18268993484882,0.0006,0.0009
particle,358,9.578099131584167,0.9928516019135714,102.48817180203835,0.0006,0.0009
particle,359,5.611318945884705,0.9946920778602362,102.69045414845232,0.0006,0.0009
particle,360,9.972067832946777,0.9930951576679945,96.93185150990472,0.0006,0.0009
particle,361,4.670081377029419,0.9943239605054259,98.00085917694608,0.0006,0.0009
particle,362,9.11870539188385,0.99323945119977,104.81135842176913,0.0006,0.0009
particle,363,6.290613532066345,0.994128804653883,120.66327733859396,0.0006,0.0009
particle,364,12.191890001296997,0.9918294511735439,79.77353040153412,0.0006,0.0009
particle,365,4.76088285446167,0.9943043999373913,35.95933810695535,0.0006,0.0009
particle,366,6.187578022480011,0.9946038434281945,62.54345655311925,0.0006,0.0009
particle,367,7.893767356872559,0.9938093312084675,93.43963811849144,0.0006,0.0009
particle,368,9.025474309921265,0.9925617836415768,64.2120222043402,0.0006,0.0009
particle,369,6.470330357551575,0.9938253378495574,60.9593199799421,0.0006,0.0009
particle,370,8.030831098556519,0.9934125309810042,65.26779860545453,0.0006,0.0009
particle,371,8.302944540977478,0.993455377407372,91.75288621026756,0.0006,0.0009
particle,372,11.602013230323792,0.992329222150147,66.87035199470988,0.0006,0.0009
particle,373,5.191591382026672,0.9943663980811834,62.30540661732827,0.0006,0.0009
particle,374,8.267852902412415,0.9923041444271803,61.63220643558741,0.0006,0.0009
particle,375,6.246865510940552,0.9944301601499319,54.40945719786423,0.0006,0.0009
particle,376,7.021294116973877,0.9935995582491159,59.138348689419985,0.0006,0.0009
particle,377,5.653655290603638,0.9953897073864937,99.76058429204383,0.0006,0.0009
particle,378,9.58124589920044,0.9934063479304314,118.14690462358114,0.0006,0.0009
particle,379,7.9141823053359985,0.994568906724453,142.3562826095514,0.0006,0.0009
particle,380,12.666489839553833,0.9923100667074323,111.81144032858687,0.0006,0.0009
particle,381,5.071731090545654,0.9950390048325062,72.55035727951025,0.0006,0.0009
particle,382,8.330122113227844,0.9939979016780853,76.524735382085,0.0006,0.0009
particle,383,6.931301474571228,0.9949171897023916,62.869487344626044,0.0006,0.0009
particle,384,5.973551511764526,0.994746251963079,66.8735442081296,0.0006,0.0009
particle,385,6.170050859451294,0.9952036458998919,89.5507824316499,0.0006,0.0009
particle,386,7.217447996139526,0.9941507941111922,94.69590603670389,0.0006,0.0009
particle,387,5.498808264732361,0.9954098174348474,133.14365512768666,0.0006,0.0009
particle,388,9.834098815917969,0.992691027931869,111.14235219948526,0.0006,0.0009
particle,389,5.712623476982117,0.9951698016375303,85.11750954137244,0.0006,0.0009
particle,390,8.660454452037811,0.994010635651648,98.8922766660891,0.0006,0.0009
particle,391,6.0227357149124146,0.9956400711089373,106.39894298135644,0.0006,0.0009
particle,392,9.120201110839844,0.9935170942917466,104.98525071354382,0.0006,0.0009
particle,393,5.857234239578247,0.9952611224725842,127.36951142611512,0.0006,0.0009
particle,394,11.842090010643005,0.9930806355550885,102.50756090420381,0.0006,0.0009
particle,395,6.629850268363953,0.9952320232987404,87.45942918239572,0.0006,0.0009
particle,396,10.41865587234497,0.9912395924329758,87.59253233034784,0.0006,0.0009
particle,397,6.815550088882446,0.9944412251934409,70.67809498317249,0.0006,0.0009
particle,398,7.214345812797546,0.9947666730731726,90.82057135982393,0.0006,0.0009
particle,399,8.58485335111618,0.9952482599765062,134.8918530740215,0.0006,0.0009
particle,400,11.259142875671387,0.9922245647758245,106.99899402795924,0.0006,0.0009
particle,401,4.981752097606659,0.9948766157031059,80.40444175790812,0.0006,0.0009
particle,402,8.531284809112549,0.9932881277054548,107.39517326964234,0.0006,0.0009
particle,403,7.804160475730896,0.9948534313589334,128.47403494731606,0.0006,0.0009
particle,404,8.368214845657349,0.9924540668725967,105.98542039977312,0.0006,0.0009
particle,405,6.934308171272278,0.994150442071259,96.32807585930681,0.0006,0.0009
particle,406,7.610697031021118,0.9934035437181592,105.85090452523407,0.0006,0.0009
particle,407,7.812868177890778,0.9939863132312894,130.22414252399287,0.0006,0.0009
particle,408,10.508835554122925,0.9923770036548376,102.78164769767825,0.0006,0.0009
particle,409,6.142360329627991,0.9958956884220243,23.337188043841767,0.0006,0.0009
particle,410,6.838811159133911,0.9952023318037391,32.25601013284445,0.0006,0.0009
particle,411,5.961595892906189,0.9960091719403863,43.894208128345205,0.0006,0.0009
particle,412,4.65150249004364,0.996363315731287,79.04551788047615,0.0006,0.0009
particle,413,6.570281505584717,0.9953537220135331,119.72170842967635,0.0006,0.0009
particle,414,6.522344589233398,0.9960412373766303,98.03974786651108,0.0006,0.0009
particle,415,6.2995980978012085,0.9959127251058817,79.64697570130586,0.0006,0.0009
particle,416,6.214698314666748,0.9958031214773655,61.31770426561663,0.0006,0.0009
particle,417,5.0225313901901245,0.9959608018398285,62.880825434033085,0.0006,0.0009
particle,418,6.885157644748688,0.9956016931682825,67.68684095517821,0.0006,0.0009
particle,419,6.637351632118225,0.9958237018436193,71.95815669361001,0.0006,0.0009
particle,420,6.434324860572815,0.9956354554742575,63.10125678248402,0.0006,0.0009
particle,421,6.379477262496948,0.9959169998764992,64.68750952341628,0.0006,0.0009
particle,422,6.845928192138672,0.9942474700510502,57.084193895195874,0.0006,0.0009
particle,423,5.80624532699585,0.9950484931468964,58.5461386533006,0.0006,0.0009
particle,424,8.320547461509705,0.9952043052762747,64.11840805312826,0.0006,0.0009
particle,425,8.306830763816833,0.9950870350003242,83.220052188389,0.0006,0.0009
particle,426,7.870456099510193,0.9950935300439596,73.51466562274192,0.0006,0.0009
particle,427,6.957933187484741,0.9956040773540735,93.8262445111902,0.0006,0.0009
particle,428,8.5962895154953,0.9949592296034098,78.87512737587717,0.0006,0.0009
particle,429,7.45953094959259,0.994933464564383,72.4399193702635,0.0006,0.0009
particle,430,7.5739500522613525,0.9953282736241817,93.2060771386824,0.0006,0.0009
particle,431,6.717092931270599,0.9952906807884574,122.0115452726868,0.0006,0.0009
particle,432,7.974680781364441,0.9945376636460423,103.36464185126798,0.0006,0.0009
particle,433,5.750459551811218,0.9949366487562656,125.66473991200115,0.0006,0.0009
particle,434,10.695119619369507,0.9934943839907646,111.7943682361845,0.0006,0.0009
particle,435,5.74236261844635,0.9959896299988031,136.31238865641404,0.0006,0.0009
particle,436,11.517935752868652,0.9935220293700695,118.16815764579475,0.0006,0.0009
particle,437,5.089739978313446,0.995755098760128,52.82909960191758,0.0006,0.0009
particle,438,6.164051532745361,0.9954687496647239,77.5605439196774,0.0006,0.0009
particle,439,5.827532529830933,0.9959960142150521,96.97975587334668,0.0006,0.0009
particle,440,7.108307123184204,0.9952720403671265,75.71556469592169,0.0006,0.0009
particle,441,5.09130996465683,0.9959125993773341,68.01958974548126,0.0006,0.0009
particle,442,7.606116235256195,0.9946722220629454,64.21062550469263,0.0006,0.0009
particle,443,5.591580629348755,0.9966950612142682,61.43568641035693,0.0006,0.0009
particle,444,5.962549686431885,0.9959444375708699,85.04270069731548,0.0006,0.0009
particle,445,6.398245334625244,0.9968250198289752,124.09248162104629,0.0006,0.0009
particle,446,9.388639211654663,0.9951433250680566,110.68833047731677,0.0006,0.0009
particle,447,4.786511182785034,0.9966557463631034,115.87743834649942,0.0006,0.0009
particle,448,9.280168294906616,0.9944794438779354,102.55828069875479,0.0006,0.0009
particle,449,5.549824476242065,0.9956004433333874,58.43808410797716,0.0006,0.0009
particle,450,5.042048811912537,0.99535808339715,73.86555206350933,0.0006,0.0009
particle,451,8.328211903572083,0.9961376916617155,143.3942725819348,0.0006,0.0009
particle,452,9.559236764907837,0.9942841613665223,104.45348749453234,0.0006,0.0009
particle,453,4.928497076034546,0.9965571109205484,64.62724727295048,0.0006,0.0009
particle,454,7.830076217651367,0.9947604034096003,73.96362529098677,0.0006,0.0009
particle,455,8.48637479543686,0.9959020540118217,128.9025706676479,0.0006,0.0009
particle,456,10.854979991912842,0.9935069410130382,100.13913494862835,0.0006,0.0009
particle,457,4.4858991503715515,0.996394488029182,43.37062356352058,0.0006,0.0009
particle,458,5.472888827323914,0.9960286170244217,79.74509815772736,0.0006,0.0009
particle,459,6.228416860103607,0.9965958995744586,116.66795487547233,0.0006,0.0009
particle,460,9.176527380943298,0.9944864045828581,113.76237958321722,0.0006,0.0009
particle,461,5.178124725818634,0.996106899343431,88.11831961834667,0.0006,0.0009
particle,462,9.567442536354065,0.9937794813886285,78.07775058273796,0.0006,0.0009
particle,463,6.134750843048096,0.995808039791882,76.38937633502496,0.0006,0.0009
particle,464,8.169859647750854,0.994552350603044,61.035092131760855,0.0006,0.0009
particle,465,6.188924849033356,0.9951817924156785,57.14010993002738,0.0006,0.0009
particle,466,5.833694219589233,0.9961247518658638,101.4893543703723,0.0006,0.0009
particle,467,6.824607849121094,0.994088601320982,95.42786350539956,0.0006,0.0009
particle,468,4.734998345375061,0.9962735613808036,75.01854628252173,0.0006,0.0009
particle,469,6.013374924659729,0.9949194779619575,81.65719541219224,0.0006,0.0009
particle,470,6.054596304893494,0.9960322491824627,107.81534656543487,0.0006,0.0009
particle,471,7.39353084564209,0.9947062935680151,111.85167257266001,0.0006,0.0009
particle,472,6.612326562404633,0.9965435806661844,101.30744235461194,0.0006,0.0009
particle,473,7.232921123504639,0.9948495477437973,81.0395154564378,0.0006,0.0009
particle,474,6.297883033752441,0.9960545655339956,129.59509183534874,0.0006,0.0009
particle,475,9.390285730361938,0.9949271492660046,116.08452405094769,0.0006,0.0009
particle,476,5.386649787425995,0.996381419710815,96.89417997362125,0.0006,0.0009
particle,477,8.336711406707764,0.9951155502349138,113.97588141486675,0.0006,0.0009
particle,478,7.5959450006484985,0.9961727187037468,121.942648785438,0.0006,0.0009
particle,479,10.368298530578613,0.9935189699754119,118.43267255220536,0.0006,0.0009
particle,480,7.732824444770813,0.9954025316983461,129.8338814460844,0.0006,0.0009
particle,481,12.406381130218506,0.9920282857492566,143.9317990816765,0.0006,0.0009
particle,482,8.486263394355774,0.9956696759909391,149.42128175691371,0.0006,0.0009
particle,483,14.820762634277344,0.9908017860725522,158.66902480610696,0.0006,0.0009
particle,484,13.654139041900635,0.9928883910179138,178.95123075711103,0.0006,0.0009
particle,485,15.223083257675171,0.9889716822654009,153.72699138102126,0.0006,0.0009
particle,486,10.654702067375183,0.9928958173841238,166.0491791658864,0.0006,0.0009
particle,487,17.249580144882202,0.9862322108820081,121.30048524016628,0.0006,0.0009
particle,488,10.674957633018494,0.9941393220797181,162.31385807353783,0.0006,0.0009
particle,489,21.173597812652588,0.9862187933176756,116.87779946348175,0.0006,0.0009
particle,490,10.941111207008362,0.994337409734726,152.86778397450962,0.0006,0.0009
particle,491,23.3210346698761,0.9835246708244085,109.91841343401555,0.0006,0.0009
particle,492,6.228070139884949,0.9943537814542651,107.15072493929655,0.0006,0.0009
particle,493,15.821753978729248,0.9897651886567473,118.0169426457651,0.0006,0.0009
particle,494,7.397919535636902,0.9948522951453924,83.66774554900468,0.0006,0.0009
particle,495,15.734022617340088,0.9893407924100757,75.52118846430692,0.0006,0.0009
particle,496,5.6935224533081055,0.9949820227921009,67.8584418745431,0.0006,0.0009
particle,497,7.7719762325286865,0.995929341763258,104.76129814533975,0.0006,0.0009
particle,498,9.567607879638672,0.9941177107393742,97.38652691860929,0.0006,0.0009
particle,499,5.476632118225098,0.9962553577497602,76.90432988534248,0.0006,0.0009
particle,500,6.483046174049377,0.9956284798681736,77.08025453029823,0.0006,0.0009
particle,501,5.466749787330627,0.9964519701898098,54.668192029779625,0.0006,0.0009
particle,502,6.726863145828247,0.9954841043800116,72.88155218733752,0.0006,0.0009
particle,503,6.529815196990967,0.9966050144284964,61.9884320660282,0.0006,0.0009
particle,504,6.419403672218323,0.9956908877938986,65.61853953133509,0.0006,0.0009
particle,505,6.633487939834595,0.9961462235078216,64.89161935266732,0.0006,0.0009
particle,506,5.236571192741394,0.9963609790429473,64.947308474394,0.0006,0.0009
particle,507,5.984126448631287,0.9956951020285487,63.35405921805719,0.0006,0.0009
particle,508,5.281242251396179,0.9959259498864412,66.91245569735618,0.0006,0.0009
particle,509,7.465213418006897,0.9952414575964212,66.72158861328519,0.0006,0.0009
particle,510,6.651271224021912,0.9960492942482233,71.86221196694791,0.0006,0.0009
particle,511,8.123345136642456,0.9953551515936852,63.70499753532297,0.0006,0.0009
particle,512,5.666548132896423,0.9961957270279527,100.20931691184816,0.0006,0.0009
particle,513,7.718989253044128,0.9952573478221893,104.25045889582003,0.0006,0.0009
particle,514,7.017777144908905,0.9960734359920025,129.4901024036489,0.0006,0.0009
particle,515,8.378215909004211,0.995129426009953,111.18613292092752,0.0006,0.0009
particle,516,5.229499340057373,0.9962839875370264,96.16413943944744,0.0006,0.0009
particle,517,7.839956879615784,0.9953582976013422,103.46465556280505,0.0006,0.0009
particle,518,6.764261960983276,0.9965321812778711,85.50294322359127,0.0006,0.0009
particle,519,6.4602930545806885,0.9965501390397549,89.66952075750233,0.0006,0.0009
particle,520,6.663607597351074,0.9951386470347643,117.00180408058937,0.0006,0.0009
particle,521,6.724158048629761,0.9960471522063017,113.6371970245584,0.0006,0.0009
particle,522,6.864341914653778,0.995586771517992,113.07360990731829,0.0006,0.0009
particle,523,7.973267674446106,0.9953075051307678,97.22831542600287,0.0006,0.0009
particle,524,5.544174313545227,0.99402523227036,70.50176660018414,0.0006,0.0009
particle,525,5.570227086544037,0.9962737895548344,70.57385052561807,0.0006,0.0009
particle,526,5.7063862681388855,0.9971649581566453,75.25450728443188,0.0006,0.0009
particle,527,7.696790039539337,0.996289380826056,74.32967861554779,0.0006,0.0009
particle,528,4.757868766784668,0.9969846615567803,55.19005443980853,0.0006,0.0009
particle,529,5.572256922721863,0.9966168208047748,48.243497573115356,0.0006,0.0009
particle,530,5.5586166977882385,0.9969647927209735,57.5740738090711,0.0006,0.0009
particle,531,6.153727412223816,0.9966852171346545,67.3065971447004,0.0006,0.0009
particle,532,7.559828400611877,0.9940289277583361,44.46213438656032,0.0006,0.0009
particle,533,5.547287821769714,0.996896211989224,65.68757500748099,0.0006,0.0009
particle,534,5.85870760679245,0.9961147494614124,51.96135477574283,0.0006,0.0009
particle,535,4.953591465950012,0.9972675926983356,48.40494867139453,0.0006,0.0009
particle,536,6.139145255088806,0.9963105423375964,87.5836689118792,0.0006,0.0009
particle,537,6.069603204727173,0.9969932045787573,124.20979161667087,0.0006,0.0009
particle,538,7.704555511474609,0.9968930426985025,104.73151018473426,0.0006,0.0009
particle,539,4.850912392139435,0.9970256527885795,88.09927565223343,0.0006,0.0009
particle,540,6.616217017173767,0.9968759324401617,104.02400778364645,0.0006,0.0009
particle,541,6.359603583812714,0.9964615488424897,122.92604691991221,0.0006,0.0009
particle,542,7.8371418714523315,0.9954524654895067,112.20029363336604,0.0006,0.0009
particle,543,7.563069105148315,0.9959107004106045,103.28809608948566,0.0006,0.0009
particle,544,7.33662223815918,0.9963017404079437,115.33788507438925,0.0006,0.0009
particle,545,7.439220428466797,0.9960040245205164,119.37572616582992,0.0006,0.0009
particle,546,6.514763176441193,0.9960800362750888,107.86564928567256,0.0006,0.0009
particle,547,6.918346166610718,0.9958730768412352,75.55559204378348,0.0006,0.0009
particle,548,6.506576478481293,0.9957062946632504,81.07626971495783,0.0006,0.0009
particle,549,5.645111620426178,0.9959166003391147,95.53699811439346,0.0006,0.0009
particle,550,7.971325159072876,0.9955733316019177,68.36399457297594,0.0006,0.0009
particle,551,6.5573097467422485,0.9964737584814429,86.13190128320147,0.0006,0.0009
particle,552,7.403109908103943,0.9965918539091945,99.24645532957581,0.0006,0.0009
particle,553,7.258952021598816,0.9966989513486624,98.44946552686146,0.0006,0.0009
particle,554,7.037209749221802,0.9958806997165084,108.31384098245688,0.0006,0.0009
particle,555,8.451948583126068,0.9958601836115122,108.61264537258474,0.0006,0.0009
particle,556,7.281060218811035,0.9963840153068304,109.7277680675124,0.0006,0.0009
particle,557,7.722968578338623,0.9962536562234163,106.1054243260963,0.0006,0.0009
particle,558,6.565558671951294,0.9964608605951071,109.32546565641104,0.0006,0.0009
particle,559,8.122877597808838,0.9958318825811148,107.15345769278443,0.0006,0.0009
particle,560,5.0363277196884155,0.9961342718452215,98.80217279118547,0.0006,0.0009
particle,561,5.639140844345093,0.9956222353503108,84.75632178074981,0.0006,0.0009
particle,562,6.634160876274109,0.9962684288620949,90.2419306962263,0.0006,0.0009
particle,563,6.002732157707214,0.9965440640226007,99.06980403589469,0.0006,0.0009
particle,564,7.493523716926575,0.9959107302129269,97.7665310308149,0.0006,0.0009
particle,565,6.461899399757385,0.9964137151837349,80.05462723721332,0.0006,0.0009
particle,566,5.355197310447693,0.996376764960587,84.4594142867288,0.0006,0.0009
particle,567,7.5071821212768555,0.9948729639872909,81.88235018099074,0.0006,0.0009
particle,568,5.7942675948143005,0.996277118101716,89.60700878486915,0.0006,0.0009
particle,569,7.09851348400116,0.9963309848681092,88.76831659429789,0.0006,0.0009
particle,570,7.329340219497681,0.9967612214386463,99.50810698544879,0.0006,0.0009
particle,571,6.105528831481934,0.9961128262802958,105.11467109350323,0.0006,0.0009
particle,572,6.335618734359741,0.9964529555290937,62.58709702433103,0.0006,0.0009
particle,573,5.498331427574158,0.9970736419782043,40.80204739958657,0.0006,0.0009
particle,574,6.254467964172363,0.9955580914393067,60.45862486727106,0.0006,0.0009
particle,575,6.737761497497559,0.9966720268130302,59.08009464879559,0.0006,0.0009
particle,576,4.856556862592697,0.995870971120894,44.31001644822641,0.0006,0.0009
particle,577,5.456225514411926,0.9955679755657911,76.67581063954083,0.0006,0.0009
particle,578,8.320731282234192,0.9955837475135922,75.51994816350692,0.0006,0.0009
particle,579,6.336432337760925,0.9968467187136412,105.35453475538937,0.0006,0.0009
particle,580,9.007425308227539,0.9958158573135734,105.265601108175,0.0006,0.0009
particle,581,6.175265073776245,0.9969286853447556,53.65801118049337,0.0006,0.0009
particle,582,6.415543794631958,0.9959615767002106,54.5001774464638,0.0006,0.0009
particle,583,7.1714171171188354,0.9967276882380247,49.260138306672786,0.0006,0.0009
particle,584,5.940808057785034,0.996615600772202,36.54240963580809,0.0006,0.0009
particle,585,4.524499177932739,0.9970754235982895,50.65565062196542,0.0006,0.0009
particle,586,4.461106777191162,0.9969148337841034,55.82317985338973,0.0006,0.0009
particle,587,6.049478650093079,0.9969745120033622,99.41518867565158,0.0006,0.0009
particle,588,7.251174807548523,0.9963292581960559,82.5451590637453,0.0006,0.0009
particle,589,5.0174166560173035,0.9973609754815698,84.497032954649,0.0006,0.0009
particle,590,8.112195491790771,0.9961659591645002,83.24053059357085,0.0006,0.0009
particle,591,4.706866443157196,0.9975306279957294,63.47623583099513,0.0006,0.0009
particle,592,7.841882348060608,0.9964568456634879,60.40906464380272,0.0006,0.0009
particle,593,4.834342420101166,0.9973394544795156,97.63027356179967,0.0006,0.0009
particle,594,8.665189027786255,0.9960542563349009,90.0053397400286,0.0006,0.0009
particle,595,4.806636154651642,0.997353401966393,38.66001805293185,0.0006,0.0009
particle,596,4.1803722977638245,0.9967913841828704,49.1031717154488,0.0006,0.0009
particle,597,4.927292585372925,0.9970700349658728,71.57952821088394,0.0006,0.0009
particle,598,5.880889534950256,0.9970238236710429,93.44402176530204,0.0006,0.0009
particle,599,5.545426964759827,0.997133313678205,113.84949257314527,0.0006,0.0009
particle,600,8.797332167625427,0.9963330645114183,115.24670306193607,0.0006,0.0009
particle,601,6.039748668670654,0.9972424088045955,92.48773245585235,0.0006,0.0009
particle,602,6.400614976882935,0.9970513470470905,69.45701181827883,0.0006,0.0009
particle,603,6.6693607568740845,0.9964204654097557,54.88655129141397,0.0006,0.0009
particle,604,4.90880823135376,0.9970602821558714,59.61255072731288,0.0006,0.0009
particle,605,5.9376808404922485,0.9970939289778471,94.20900913066971,0.0006,0.0009
particle,606,8.789384722709656,0.9966727960854769,96.28584388162736,0.0006,0.0009
particle,607,7.032680988311768,0.9967954764142632,92.8497711408734,0.0006,0.0009
particle,608,6.618053197860718,0.9965848503634334,92.78465718177779,0.0006,0.0009
particle,609,7.105498552322388,0.9967790013179183,108.0839609673005,0.0006,0.0009
particle,610,6.777599811553955,0.9972215499728918,110.49276315825668,0.0006,0.0009
particle,611,6.164020657539368,0.996553448960185,104.15861810186905,0.0006,0.0009
particle,612,7.276259183883667,0.9965493138879538,82.13943905613414,0.0006,0.0009
particle,613,5.327126622200012,0.9971247762441635,79.04202609909996,0.0006,0.0009
particle,614,6.786383748054504,0.996153436601162,86.96374065166931,0.0006,0.0009
particle,615,5.439121842384338,0.996959263458848,97.95303084066553,0.0006,0.0009
particle,616,8.883188247680664,0.9964401945471764,66.61884892146678,0.0006,0.0009
particle,617,5.199003517627716,0.9971958724781871,55.98141700114066,0.0006,0.0009
particle,618,7.745215177536011,0.9965111669152975,67.30014860728264,0.0006,0.0009
particle,619,8.009369134902954,0.9960603397339582,91.3644412562327,0.0006,0.0009
particle,620,5.533565282821655,0.9964715167880058,48.36586711346929,0.0006,0.0009
particle,621,6.478887975215912,0.9960702182725072,61.022465098591255,0.0006,0.0009
particle,622,5.773621439933777,0.9958956502377987,62.957098009874905,0.0006,0.0009
particle,623,6.83246910572052,0.9967556456103921,115.16813498399313,0.0006,0.0009
particle,624,6.724147319793701,0.9952240725979209,101.93740771163057,0.0006,0.0009
particle,625,5.980276823043823,0.99710622895509,92.1879786426876,0.0006,0.0009
particle,626,8.077840924263,0.9960783151909709,110.79543974638518,0.0006,0.0009
particle,627,8.710662543773651,0.9961273018270731,118.91403866526059,0.0006,0.0009
particle,628,5.735392093658447,0.9970797309651971,106.34644797075579,0.0006,0.0009
particle,629,6.487509369850159,0.9962892644107342,84.28392269168351,0.0006,0.0009
particle,630,5.570213198661804,0.9968476593494415,102.6765717322463,0.0006,0.0009
particle,631,9.679062366485596,0.9960011411458254,107.82918753649919,0.0006,0.0009
particle,632,6.540189146995544,0.9960285536944866,117.35350060457213,0.0006,0.0009
particle,633,10.155422687530518,0.9954496929422021,117.95984411041105,0.0006,0.0009
particle,634,6.185058057308197,0.9970923587679863,117.91362887129719,0.0006,0.0009
particle,635,9.077288746833801,0.995881037786603,127.11549112045707,0.0006,0.0009
particle,636,6.908269286155701,0.9965600362047553,121.15746078699955,0.0006,0.0009
particle,637,14.077284574508667,0.9926166832447052,145.94576724583922,0.0006,0.0009
particle,638,11.976960182189941,0.9950559288263321,145.6328177007056,0.0006,0.0009
particle,639,14.090617418289185,0.9925824850797653,132.89599686388866,0.0006,0.0009
particle,640,7.224902987480164,0.9960158811882138,102.47126285846548,0.0006,0.0009
particle,641,24.257586002349854,0.9848598595708609,143.9467122750839,0.0006,0.0009
particle,642,8.389688730239868,0.9960551057010889,91.180295415205,0.0006,0.0009
particle,643,6.239438235759735,0.9961832407861948,83.9129405712756,0.0006,0.0009
particle,644,7.138194441795349,0.9965531202033162,89.85717275591398,0.0006,0.0009
particle,645,6.131140470504761,0.9965585898607969,70.75852972610532,0.0006,0.0009
particle,646,6.417693614959717,0.9965229043737054,71.06722226635931,0.0006,0.0009
particle,647,6.373111724853516,0.9955275198444724,61.18664598764865,0.0006,0.0009
particle,648,5.085585951805115,0.9972405880689621,53.97127299542969,0.0006,0.0009
particle,649,5.912588000297546,0.9967479072511196,59.840985210602476,0.0006,0.0009
particle,650,6.005244851112366,0.9970281552523375,96.24603285349886,0.0006,0.0009
particle,651,7.796297550201416,0.9965105010196567,93.45557080761907,0.0006,0.0009
particle,652,6.30044949054718,0.996700044721365,97.74516141701638,0.0006,0.0009
particle,653,7.695196986198425,0.9961261721327901,142.22020341339706,0.0006,0.0009
particle,654,6.665777206420898,0.9970631711184978,118.54352486344959,0.0006,0.0009
particle,655,6.742864966392517,0.996895189397037,99.52598295133917,0.0006,0.0009
particle,656,6.006532907485962,0.9968404481187463,102.57698758963072,0.0006,0.0009
particle,657,7.6506699323654175,0.9967589378356934,99.62528912719212,0.0006,0.0009
particle,658,7.931385636329651,0.9962414121255279,99.2875499056587,0.0006,0.0009
particle,659,8.355661630630493,0.9967183321714401,96.47281031892483,0.0006,0.0009
particle,660,7.776610612869263,0.995593873783946,72.92002791490803,0.0006,0.0009
particle,661,4.318385004997253,0.9975870121270418,41.628531672250276,0.0006,0.0009
particle,662,5.161776542663574,0.9972771611064672,38.13200145199571,0.0006,0.0009
particle,663,6.4871909618377686,0.9971239315345883,85.74746308007703,0.0006,0.0009
particle,664,9.975120544433594,0.9943841136991978,110.37422580820935,0.0006,0.0009
particle,665,6.801663637161255,0.9966637482866645,114.00125009200735,0.0006,0.0009
particle,666,6.684054493904114,0.997073283419013,109.37172537331023,0.0006,0.0009
particle,667,7.443624973297119,0.9967111451551318,102.0873440513223,0.0006,0.0009
particle,668,7.145825147628784,0.9961972655728459,97.9068310984031,0.0006,0.0009
particle,669,6.237221539020538,0.9967887615785003,112.38567961662132,0.0006,0.0009
particle,670,8.356631875038147,0.9959041299298406,89.22046757489436,0.0006,0.0009
particle,671,6.3334866762161255,0.9970860593020916,102.82984158019907,0.0006,0.0009
particle,672,8.18219256401062,0.9962363177910447,105.69781809871722,0.0006,0.0009
particle,673,6.415796995162964,0.9961465792730451,103.5539965060964,0.0006,0.0009
particle,674,7.958019733428955,0.9968107845634222,74.42004644476387,0.0006,0.0009
particle,675,6.330817818641663,0.9966441337019205,115.32306869264649,0.0006,0.0009
particle,676,8.118045687675476,0.9959723856300116,128.28514960256086,0.0006,0.0009
particle,677,6.2061532735824585,0.9971117954701185,74.04810252479574,0.0006,0.0009
particle,678,7.135401606559753,0.9967199498787522,53.07893795240105,0.0006,0.0009
particle,679,5.52252984046936,0.9971623308956623,54.48673286218032,0.0006,0.0009
particle,680,6.089645981788635,0.9966422989964485,53.2574832240316,0.0006,0.0009
particle,681,5.093651473522186,0.9973510783165693,78.40458725137854,0.0006,0.0009
particle,682,6.818572998046875,0.9965277276933193,107.48343632173373,0.0006,0.0009
particle,683,7.825069427490234,0.9959302879869938,121.65088503101094,0.0006,0.0009
particle,684,4.533402323722839,0.9969852920621634,100.36869265081091,0.0006,0.0009
particle,685,6.630866765975952,0.996889278292656,118.96990498708696,0.0006,0.0009
particle,686,8.305485725402832,0.9961088681593537,122.0583032620002,0.0006,0.0009
particle,687,7.8455328941345215,0.9961476679891348,127.63476936465169,0.0006,0.0009
particle,688,5.960106134414673,0.9963837554678321,88.93955809210615,0.0006,0.0009
particle,689,5.128922522068024,0.9971141535788774,78.21363977390953,0.0006,0.0009
particle,690,6.114454030990601,0.9960249457508326,87.47209707103153,0.0006,0.0009
particle,691,5.048721194267273,0.9973160475492477,121.7071328181542,0.0006,0.0009
particle,692,6.39134806394577,0.9959793975576758,106.04097772884064,0.0006,0.0009
particle,693,5.798331081867218,0.9970214422792196,115.08292195010067,0.0006,0.0009
particle,694,6.866786956787109,0.9955503428354859,97.88497619121853,0.0006,0.0009
particle,695,5.525497376918793,0.9972056979313493,92.12561012027186,0.0006,0.0009
particle,696,8.653995990753174,0.9960243813693523,102.08120387639343,0.0006,0.0009
particle,697,7.656033992767334,0.9971967004239559,118.8044734193604,0.0006,0.0009
particle,698,8.323191523551941,0.9955727979540825,96.48609752248234,0.0006,0.0009
particle,699,5.11644172668457,0.9971007853746414,133.50507970117405,0.0006,0.0009
particle,700,8.687559366226196,0.9954931400716305,116.97634645130782,0.0006,0.0009
particle,701,5.874689936637878,0.9975817687809467,108.39984406656785,0.0006,0.0009
particle,702,8.80844497680664,0.995906874537468,116.45935656599492,0.0006,0.0009
particle,703,4.93659770488739,0.9974625939503312,107.83298918958117,0.0006,0.0009
particle,704,8.739527106285095,0.9961069589480758,77.22834882583443,0.0006,0.0009
particle,705,5.282892346382141,0.996971407905221,31.456503755417042,0.0006,0.0009
particle,706,10.685155630111694,0.9955879151821136,81.29120702156673,0.0006,0.0009
particle,707,9.055940628051758,0.9956519044935703,80.20457036891142,0.0006,0.0009
particle,708,6.157872796058655,0.9958037864416838,76.29656592900587,0.0006,0.0009
particle,709,7.118541955947876,0.9969353443011642,81.84929947359046,0.0006,0.0009
particle,710,6.477067649364471,0.9969905242323875,89.73825457181496,0.0006,0.0009
particle,711,7.249129414558411,0.9968657419085503,99.29881303444873,0.0006,0.0009
particle,712,8.363384485244751,0.9959429642185569,95.85071904543413,0.0006,0.0009
particle,713,5.769742965698242,0.9970089048147202,60.15640728180686,0.0006,0.0009
particle,714,4.613217830657959,0.9974189847707748,91.81797012769796,0.0006,0.0009
particle,715,8.691833257675171,0.9962095757946372,157.1831207354953,0.0006,0.0009
particle,716,6.701061367988586,0.9966984326019883,118.81804482020253,0.0006,0.0009
particle,717,5.5382696986198425,0.997055646032095,128.87281593541616,0.0006,0.0009
particle,718,8.052648305892944,0.9966195654124022,119.54154877083302,0.0006,0.0009
particle,719,5.164356589317322,0.9972593039274216,162.89477503462263,0.0006,0.0009
particle,720,8.3771413564682,0.9964975854381919,122.29598795674332,0.0006,0.0009
particle,721,8.236224889755249,0.9964833557605743,177.8488081959441,0.0006,0.0009
particle,722,10.715744495391846,0.9957203278318048,133.5694157305978,0.0006,0.0009
particle,723,9.068597435951233,0.9960609804838896,245.4337415531397,0.0006,0.0009
particle,724,10.458682656288147,0.9955364521592855,150.85644974258025,0.0006,0.0009
particle,725,19.076281309127808,0.9915615823119879,289.08663243832984,0.0006,0.0009
particle,726,15.72915506362915,0.9926524497568607,142.1130102726346,0.0006,0.0009
particle,727,10.573941946029663,0.9947830643504858,232.3414206793883,0.0006,0.0009
particle,728,17.954135417938232,0.9904666300863028,136.00534813293658,0.0006,0.0009
particle,729,8.14783251285553,0.9958857018500566,93.36510950140467,0.0006,0.0009
particle,730,12.179510354995728,0.9938885662704706,124.3326232003187,0.0006,0.0009
particle,731,11.594312906265259,0.9937229584902525,158.89241832312842,0.0006,0.0009
particle,732,5.822303533554077,0.9956018179655075,96.79256305042055,0.0006,0.0009
particle,733,8.91023063659668,0.9955107159912586,87.50633961151337,0.0006,0.0009
particle,734,7.084223389625549,0.9960477836430073,81.90653390298264,0.0006,0.0009
particle,735,8.071621894836426,0.9944644719362259,81.29510036149661,0.0006,0.0009
particle,736,8.248495101928711,0.9953564805909991,104.4251610254651,0.0006,0.0009
particle,737,11.287540435791016,0.9948722729459405,125.74023952540654,0.0006,0.0009
particle,738,9.103414297103882,0.9957726886495948,109.59165424675595,0.0006,0.0009
particle,739,8.642520904541016,0.9969597887247801,114.74212577586344,0.0006,0.0009
particle,740,7.389750123023987,0.9963289918377995,106.36081730626579,0.0006,0.0009
particle,741,6.119804620742798,0.9965757299214602,88.8076339324035,0.0006,0.0009
particle,742,6.543898224830627,0.9964724350720644,106.16186325332565,0.0006,0.0009
particle,743,6.597420275211334,0.9967772262170911,94.60482429354576,0.0006,0.0009
particle,744,5.775621175765991,0.9970321375876665,86.68282611138304,0.0006,0.0009
particle,745,6.385843396186829,0.9969228422269225,107.25738644869611,0.0006,0.0009
particle,746,9.21792584657669,0.9955864083021879,103.98765402529251,0.0006,0.0009
particle,747,6.611984372138977,0.9968496253713965,111.95288024709262,0.0006,0.0009
particle,748,8.019937574863434,0.9966384917497635,113.08170135889479,0.0006,0.0009
particle,749,5.270486056804657,0.9974255850538611,110.45603978942553,0.0006,0.0009
particle,750,9.046866655349731,0.9962782813236117,109.72552703441653,0.0006,0.0009
particle,751,6.9192891120910645,0.9971788227558136,123.59111076111675,0.0006,0.0009
particle,752,8.510564923286438,0.9968873541802168,116.59851041239814,0.0006,0.0009
particle,753,7.497951149940491,0.9966697208583355,122.71388437778133,0.0006,0.0009
particle,754,6.273231625556946,0.9969490328803658,100.73639210127332,0.0006,0.0009
particle,755,7.227216839790344,0.9970400827005506,50.8703941004662,0.0006,0.0009
particle,756,5.493391036987305,0.9977423781529069,45.684040722945035,0.0006,0.0009
particle,757,5.386439859867096,0.9971022782847285,57.658866505571794,0.0006,0.0009
particle,758,6.51013457775116,0.9974326649680734,73.49790917499026,0.0006,0.0009
particle,759,7.230768322944641,0.9967178553342819,83.94664263479804,0.0006,0.0009
particle,760,4.409643113613129,0.997021995484829,49.69209833844616,0.0006,0.0009
particle,761,4.466166853904724,0.9978768480941653,66.99362671958218,0.0006,0.0009
particle,762,6.845948040485382,0.9966582348570228,59.59818185203268,0.0006,0.0009
particle,763,4.589697062969208,0.9973631696775556,54.96434880560657,0.0006,0.0009
particle,764,6.936872601509094,0.9966793656349182,93.18711007728189,0.0006,0.0009
particle,765,5.532400131225586,0.9970416994765401,106.32217609906645,0.0006,0.0009
particle,766,7.1897664070129395,0.9964865110814571,102.045183130027,0.0006,0.0009
particle,767,6.124379277229309,0.9970864998176694,67.54218197423116,0.0006,0.0009
particle,768,4.805633902549744,0.9975543655455112,50.23342399893032,0.0006,0.0009
particle,769,5.696160316467285,0.997278967872262,62.10943900527098,0.0006,0.0009
particle,770,5.68690025806427,0.9970730533823371,54.10316973163796,0.0006,0.0009
particle,771,5.686266183853149,0.9976147646084428,91.40342861547323,0.0006,0.0009
particle,772,6.910843193531036,0.996932826936245,106.58513035929776,0.0006,0.0009
particle,773,5.9452303647994995,0.9972013980150223,83.72858918564599,0.0006,0.0009
particle,774,7.13162887096405,0.996505674906075,60.30445588426618,0.0006,0.0009
particle,775,5.80354380607605,0.9973441855981946,72.10629222075526,0.0006,0.0009
particle,776,6.8744282722473145,0.9960064049810171,82.37223394105908,0.0006,0.0009
particle,777,9.97583794593811,0.9952844940125942,94.68805916004459,0.0006,0.0009
particle,778,7.9652451276779175,0.9962629284709692,84.42193508577162,0.0006,0.0009
particle,779,6.55635392665863,0.9969052448868752,118.97626437806427,0.0006,0.0009
particle,780,8.660017907619476,0.9948136946186423,124.56009540189783,0.0006,0.0009
particle,781,7.228893399238586,0.9969707559794188,143.19351730031792,0.0006,0.0009
particle,782,8.417137265205383,0.9960298733785748,132.1004920602759,0.0006,0.0009
particle,783,7.124314665794373,0.996993881650269,98.96552876713807,0.0006,0.0009
particle,784,5.767783999443054,0.9970897380262613,96.0464308202989,0.0006,0.0009
particle,785,5.929120302200317,0.9972155643627048,120.14308002085939,0.0006,0.0009
particle,786,8.090919137001038,0.9965953677892685,126.89165203889962,0.0006,0.0009
particle,787,4.891217827796936,0.9975746804848313,129.95724574816109,0.0006,0.0009
particle,788,6.742959022521973,0.9966172724962234,117.52059928361713,0.0006,0.0009
particle,789,6.57731020450592,0.9974499754607677,106.88002222963986,0.0006,0.0009
particle,790,7.0631632804870605,0.9966483637690544,98.94094965263798,0.0006,0.0009
particle,791,5.82760363817215,0.9970599859952927,93.72001170993481,0.0006,0.0009
particle,792,8.111263155937195,0.9966825777664781,109.20661991800677,0.0006,0.0009
particle,793,9.221204340457916,0.9960681106895208,130.5124249469788,0.0006,0.0009
particle,794,7.40701150894165,0.9969823211431503,118.68895453100484,0.0006,0.0009
particle,795,5.333292245864868,0.9974513314664364,121.92179346701674,0.0006,0.0009
particle,796,6.467175483703613,0.9963562190532684,95.05028577471114,0.0006,0.0009
particle,797,5.2274287939071655,0.997587289661169,72.18033559364589,0.0006,0.0009
particle,798,6.31346070766449,0.9963702242821455,58.36101291869128,0.0006,0.0009
particle,799,5.354257822036743,0.9974874090403318,60.5115353579978,0.0006,0.0009
particle,800,6.5136367082595825,0.9961154274642467,51.9757768107665,0.0006,0.0009
particle,801,5.849204063415527,0.9978774804621935,74.48195437976403,0.0006,0.0009
particle,802,6.743759989738464,0.9970444273203611,91.93581100278249,0.0006,0.0009
particle,803,6.848172068595886,0.9971809070557356,95.73905106926986,0.0006,0.0009
particle,804,5.271049320697784,0.9972697095945477,76.0950168250803,0.0006,0.0009
particle,805,6.231717586517334,0.9971488378942013,80.00828216115706,0.0006,0.0009
particle,806,7.0449758768081665,0.996456635184586,104.63801225405624,0.0006,0.0009
particle,807,9.251594305038452,0.9972322527319193,138.89598843162648,0.0006,0.0009
particle,808,9.233081340789795,0.9964752346277237,106.17926729661521,0.0006,0.0009
particle,809,4.920265257358551,0.9975818572565913,63.266744447239574,0.0006,0.0009
particle,810,6.740035533905029,0.9971019234508276,72.20034647186733,0.0006,0.0009
particle,811,6.191874146461487,0.9974197605624795,61.936767300072674,0.0006,0.0009
particle,812,6.018476128578186,0.9971011001616716,55.984408781404134,0.0006,0.0009
particle,813,6.696139693260193,0.9970443192869425,67.70349179458354,0.0006,0.0009
particle,814,6.931586146354675,0.9967921953648329,74.28860574588803,0.0006,0.0009
particle,815,7.729009509086609,0.9969343990087509,75.19719074407872,0.0006,0.0009
particle,816,7.185449123382568,0.9967439342290163,57.008777489159435,0.0006,0.0009
particle,817,5.734652876853943,0.9975781096145511,52.94424074718303,0.0006,0.0009
particle,818,7.959691882133484,0.9960743049159646,60.6435278509432,0.0006,0.0009
particle,819,7.362752079963684,0.9972112532705069,70.48239602692306,0.0006,0.0009
particle,820,6.474857568740845,0.9972036890685558,74.92707322506345,0.0006,0.0009
particle,821,7.3335959911346436,0.9974130485206842,68.9748709261782,0.0006,0.0009
particle,822,7.429021596908569,0.9968406809493899,65.66282341447821,0.0006,0.0009
particle,823,4.888208270072937,0.9976711506024003,107.25139648319664,0.0006,0.0009
particle,824,6.6954545974731445,0.9956587320193648,100.10272488348058,0.0006,0.0009
particle,825,5.138304352760315,0.9973319172859192,116.30696902894341,0.0006,0.0009
particle,826,6.613318741321564,0.9966495567932725,93.11077433689893,0.0006,0.0009
particle,827,4.688656568527222,0.9975534360855818,93.6337049459425,0.0006,0.0009
particle,828,8.552687525749207,0.9961383566260338,77.62635072349042,0.0006,0.0009
particle,829,4.977120935916901,0.997977502644062,93.14557810656639,0.0006,0.0009
particle,830,7.111219525337219,0.9964735759422183,73.12548496075387,0.0006,0.0009
particle,831,4.696163892745972,0.9972542859613895,33.65215446375061,0.0006,0.0009
particle,832,6.028132200241089,0.9965150440111756,51.622648538581366,0.0006,0.0009
particle,833,5.779143214225769,0.9973475020378828,83.32391930738346,0.0006,0.0009
particle,834,7.196990251541138,0.9960178332403302,73.71269531491555,0.0006,0.0009
particle,835,5.960721850395203,0.9975294610485435,78.55637660622635,0.0006,0.0009
particle,836,5.470226049423218,0.9974033897742629,80.09053379441441,0.0006,0.0009
particle,837,7.054504752159119,0.997483154758811,72.1445354525348,0.0006,0.0009
particle,838,5.248977184295654,0.9976982763037086,76.47929605595799,0.0006,0.0009
particle,839,7.300397753715515,0.9972760658711195,60.109131512113514,0.0006,0.0009
particle,840,4.655154228210449,0.9974205791950226,49.54213234294651,0.0006,0.0009
particle,841,5.4386720061302185,0.9974348414689302,56.337904738971986,0.0006,0.0009
particle,842,5.339500427246094,0.9972282331436872,47.11590575983509,0.0006,0.0009
particle,843,5.055347204208374,0.9973895195871592,49.99234872738701,0.0006,0.0009
particle,844,6.083253383636475,0.996918335556984,73.03330843961,0.0006,0.0009
particle,845,7.010210871696472,0.9972392451018095,77.75452497167535,0.0006,0.0009
particle,846,6.179933786392212,0.9970822641626,63.18773123319491,0.0006,0.0009
particle,847,5.199695110321045,0.9977161223068833,73.17851615304434,0.0006,0.0009
particle,848,6.408840537071228,0.9966445891186595,76.22230679586927,0.0006,0.0009
particle,849,6.704524993896484,0.9971459126099944,95.5401509881934,0.0006,0.0009
particle,850,6.526379227638245,0.9968124385923147,77.56518132900372,0.0006,0.0009
particle,851,6.468280076980591,0.9972253367304802,80.75625131864875,0.0006,0.0009
particle,852,6.751906037330627,0.9972855877131224,65.55080960176394,0.0006,0.0009
particle,853,6.09381240606308,0.9974629506468773,74.54631921702841,0.0006,0.0009
particle,854,7.592482805252075,0.996801970526576,65.43808228780912,0.0006,0.0009
particle,855,6.351062774658203,0.9973003752529621,86.56667650650567,0.0006,0.0009
particle,856,7.956707119941711,0.9968506088480353,77.81322842924176,0.0006,0.0009
particle,857,5.500304818153381,0.9973611608147621,88.75680835652288,0.0006,0.0009
particle,858,8.449945449829102,0.996729051694274,103.70328417659464,0.0006,0.0009
particle,859,6.6299474239349365,0.996892579831183,102.16036038638896,0.0006,0.0009
particle,860,7.460288047790527,0.9968461534008384,111.9831065037598,0.0006,0.0009
particle,861,5.910332024097443,0.9971750928089023,88.39021713437941,0.0006,0.0009
particle,862,6.130350351333618,0.997471577487886,82.11385376688015,0.0006,0.0009
particle,863,11.707178950309753,0.9949637241661549,66.52661395525826,0.0006,0.0009
particle,864,6.216677308082581,0.997246403247118,56.09588320980992,0.0006,0.0009
particle,865,11.217374920845032,0.9950078334659338,85.1703903701291,0.0006,0.0009
particle,866,8.87773871421814,0.9963182294741273,77.00790471658323,0.0006,0.0009
particle,867,8.352097034454346,0.9963284498080611,77.20722222912774,0.0006,0.0009
particle,868,5.573037385940552,0.9972997913137078,66.14888781920371,0.0006,0.0009
particle,869,5.745118677616119,0.9971612766385078,64.70297173176701,0.0006,0.0009
particle,870,7.521166443824768,0.996602039784193,69.42706116098009,0.0006,0.0009
particle,871,5.339284002780914,0.9978078603744507,92.15268909951256,0.0006,0.0009
particle,872,7.761667847633362,0.9975300915539265,66.82525162379126,0.0006,0.0009
particle,873,5.874573349952698,0.9977456610649824,38.091634170304104,0.0006,0.0009
particle,874,5.059388518333435,0.9976214990019798,55.06531139317532,0.0006,0.0009
particle,875,7.382665157318115,0.9969438789412379,68.7361944600248,0.0006,0.0009
particle,876,6.316571474075317,0.9970351327210665,72.7039612390147,0.0006,0.0009
particle,877,6.365831255912781,0.9971598237752914,69.7172646680685,0.0006,0.0009
particle,878,5.950766205787659,0.9974578274413943,69.08066065236557,0.0006,0.0009
particle,879,6.725411295890808,0.996871754527092,80.90858878949635,0.0006,0.0009
particle,880,5.765597701072693,0.9974897094070911,67.21074199181015,0.0006,0.0009
particle,881,5.185791492462158,0.9974742187187076,72.01330855645814,0.0006,0.0009
particle,882,7.72735857963562,0.9968605432659388,81.21782048328703,0.0006,0.0009
particle,883,7.057480335235596,0.996809022501111,64.53612678928472,0.0006,0.0009
particle,884,5.104183495044708,0.9973111739382148,75.39984514856174,0.0006,0.0009
particle,885,6.622240662574768,0.996793414466083,94.67890712339867,0.0006,0.0009
particle,886,5.469185948371887,0.9974254695698619,127.78396374952172,0.0006,0.0009
particle,887,12.457379579544067,0.9943453278392553,128.72187506453741,0.0006,0.0009
particle,888,4.9195058941841125,0.9973397497087717,44.74707930188462,0.0006,0.0009
particle,889,6.232439577579498,0.9973608031868935,94.08767437612762,0.0006,0.0009
particle,890,7.388382077217102,0.9968659020960331,88.45500251424008,0.0006,0.0009
particle,891,5.449216246604919,0.9975130064412951,101.12273241150507,0.0006,0.0009
particle,892,7.27269434928894,0.9972151555120945,116.2916883476776,0.0006,0.0009
particle,893,5.679957687854767,0.9971156138926744,86.11155013558897,0.0006,0.0009
particle,894,6.043499290943146,0.997897470369935,91.16676743514867,0.0006,0.0009
particle,895,6.140511453151703,0.9971958408132195,100.75690540835215,0.0006,0.0009
particle,896,5.399573266506195,0.9971346063539386,80.84282319398167,0.0006,0.0009
particle,897,4.684331774711609,0.997115870937705,61.962832924811686,0.0006,0.0009
particle,898,4.7349231243133545,0.9979772856459022,84.30038321747962,0.0006,0.0009
particle,899,9.308209657669067,0.9968254053965211,79.98656447702948,0.0006,0.0009
particle,900,5.9980170130729675,0.9975885301828384,54.41039198516425,0.0006,0.0009
particle,901,5.253386914730072,0.9980157753452659,68.88825005459091,0.0006,0.0009
particle,902,7.522464632987976,0.9965280517935753,102.64505038367953,0.0006,0.0009
particle,903,7.411789774894714,0.9971473505720496,133.5245616557749,0.0006,0.0009
particle,904,7.75162661075592,0.9969709767028689,120.0979236580625,0.0006,0.0009
particle,905,6.662598371505737,0.997433103621006,119.20277048002605,0.0006,0.0009
particle,906,7.009083271026611,0.9973724503070116,96.86372009297843,0.0006,0.0009
particle,907,5.295800268650055,0.997868281789124,104.98649181057785,0.0006,0.0009
particle,908,7.6491042375564575,0.9972150353714824,118.17096928772627,0.0006,0.0009
particle,909,6.436631679534912,0.9973763329908252,147.1067046286634,0.0006,0.0009
particle,910,9.269233465194702,0.9962033499032259,133.51751864016705,0.0006,0.0009
particle,911,4.933980345726013,0.9979185927659273,53.96576202977444,0.0006,0.0009
particle,912,5.349506616592407,0.9975999053567648,67.50369807802424,0.0006,0.0009
particle,913,7.423807144165039,0.9969578050076962,92.00012243801335,0.0006,0.0009
particle,914,5.828954219818115,0.9972509359940886,111.10260134417658,0.0006,0.0009
particle,915,5.8642977476119995,0.9974953141063452,101.75003016292538,0.0006,0.0009
particle,916,7.363069415092468,0.9969677701592445,78.67640839942655,0.0006,0.0009
particle,917,5.656888008117676,0.9974116049706936,56.67622493720912,0.0006,0.0009
particle,918,6.021699905395508,0.9970964100211859,62.275938115839956,0.0006,0.0009
particle,919,6.29033899307251,0.9975491110235453,72.11905745915251,0.0006,0.0009
particle,920,5.641071677207947,0.9974204003810883,71.09221259552184,0.0006,0.0009
particle,921,6.6033525466918945,0.9973147893324494,69.4071628453221,0.0006,0.0009
particle,922,6.1252617835998535,0.9973974972963333,52.34876377013585,0.0006,0.0009
particle,923,6.430295765399933,0.9971411731094122,49.88118031115849,0.0006,0.0009
particle,924,4.848669946193695,0.9978675553575158,84.8119056722483,0.0006,0.0009
particle,925,6.524714231491089,0.997154894284904,127.17374030393803,0.0006,0.0009
particle,926,7.1636762619018555,0.9975936030969024,95.63911632376548,0.0006,0.0009
particle,927,5.862827181816101,0.9978849804028869,68.3661345398283,0.0006,0.0009
particle,928,7.224692225456238,0.9970357269048691,53.008863210905105,0.0006,0.0009
particle,929,5.2728999853134155,0.9980434449389577,69.53494638080103,0.0006,0.0009
particle,930,7.260258436203003,0.9969320930540562,56.34797984952798,0.0006,0.0009
particle,931,4.988906383514404,0.9975563110783696,33.9782538164312,0.0006,0.0009
particle,932,5.602585196495056,0.9972531851381063,49.275447394267644,0.0006,0.0009
particle,933,5.939242959022522,0.99720723554492,73.52523660824916,0.0006,0.0009
particle,934,5.543102025985718,0.99720080755651,113.30152555738118,0.0006,0.0009
particle,935,8.63245177268982,0.9965864345431328,131.98205584187286,0.0006,0.0009
particle,936,5.462366104125977,0.996709868311882,110.63079013098069,0.0006,0.0009
particle,937,8.27665627002716,0.9966277293860912,149.10270827025715,0.0006,0.0009
particle,938,6.3402299880981445,0.9971067365258932,120.52217609865535,0.0006,0.0009
particle,939,5.597967743873596,0.9977338155731559,102.53945932857434,0.0006,0.0009
particle,940,6.84775447845459,0.9970600008964539,82.6147523873821,0.0006,0.0009
particle,941,9.982795596122742,0.9959822446107864,106.42586712318479,0.0006,0.0009
particle,942,8.884981155395508,0.9961719792336226,75.02442593474014,0.0006,0.0009
particle,943,8.67077100276947,0.9961829772219062,83.24307123049095,0.0006,0.0009
particle,944,6.496878027915955,0.9959164625033736,90.94489496345753,0.0006,0.0009
particle,945,35.65511894226074,0.969731098972261,181.24768131159843,0.0006,0.0009
particle,946,8.327486157417297,0.9959820006042719,79.99005238885424,0.0006,0.0009
particle,947,21.124800205230713,0.9886186961084604,145.34724650707415,0.0006,0.0009
particle,948,9.560595035552979,0.9959717113524675,72.11912113633447,0.0006,0.0009
particle,949,6.254597067832947,0.997422631829977,70.65275646487405,0.0006,0.0009
particle,950,6.514256596565247,0.9971967190504074,65.05741041092374,0.0006,0.0009
particle,951,7.944866299629211,0.9968223199248314,47.51211488521509,0.0006,0.0009
particle,952,5.2504189014434814,0.9975873026996851,50.85331839026124,0.0006,0.0009
particle,953,9.294541478157043,0.9967185631394386,61.83850172612065,0.0006,0.0009
particle,954,7.556574821472168,0.9972324734553695,61.09184919949648,0.0006,0.0009
particle,955,6.5222668051719666,0.9975371528416872,96.35070633517563,0.0006,0.0009
particle,956,6.439211964607239,0.9971126476302743,112.06038020771133,0.0006,0.0009
particle,957,7.2892438769340515,0.9975549578666687,82.28071011504746,0.0006,0.0009
particle,958,9.146712303161621,0.9970997674390674,60.62732526506696,0.0006,0.0009
particle,959,5.3302161693573,0.9978243103250861,57.237989753848936,0.0006,0.0009
particle,960,6.953898131847382,0.9969670558348298,69.0014554387792,0.0006,0.0009
particle,961,6.167297720909119,0.9977486347779632,66.81596334577748,0.0006,0.0009
particle,962,7.4945068359375,0.9973027594387531,92.84674972493268,0.0006,0.0009
particle,963,6.45105516910553,0.9976114733144641,120.07485306205098,0.0006,0.0009
particle,964,6.793651342391968,0.9977906094864011,93.99820663439434,0.0006,0.0009
particle,965,5.118160128593445,0.9979477087035775,64.63829265977468,0.0006,0.0009
particle,966,6.340563952922821,0.9977500988170505,75.672523523689,0.0006,0.0009
particle,967,7.123790144920349,0.9975322298705578,75.32101807656679,0.0006,0.0009
particle,968,8.190440773963928,0.9970047008246183,100.36997246874716,0.0006,0.0009
particle,969,8.37119209766388,0.9970758790150285,120.80866545049804,0.0006,0.0009
particle,970,9.935133635997772,0.9961390197277069,111.81195099384522,0.0006,0.0009
particle,971,8.372503757476807,0.9971680417656898,94.85208137147656,0.0006,0.0009
particle,972,6.133710324764252,0.997277838177979,79.36094750676213,0.0006,0.0009
particle,973,6.036659836769104,0.9973144754767418,112.24491178559096,0.0006,0.0009
particle,974,7.90135395526886,0.9972709333524108,122.57798487736422,0.0006,0.0009
particle,975,6.361881494522095,0.9975386532023549,105.1420181807867,0.0006,0.0009
particle,976,6.265268921852112,0.9975362904369831,107.26660973875524,0.0006,0.0009
particle,977,7.019192755222321,0.9970582686364651,114.3839161801321,0.0006,0.0009
particle,978,7.464523077011108,0.9972118381410837,111.01726976864552,0.0006,0.0009
particle,979,5.7485591173172,0.9974005641415715,107.9067701505232,0.0006,0.0009
particle,980,5.583463072776794,0.9976560492068529,96.49276960621182,0.0006,0.0009
particle,981,5.641248941421509,0.9975833985954523,90.3664742757707,0.0006,0.0009
particle,982,7.178696274757385,0.9975311625748873,96.80198280622355,0.0006,0.0009
particle,983,8.675304532051086,0.9966501044109464,123.24979827018589,0.0006,0.0009
particle,984,11.482385396957397,0.9943985687568784,107.16739685271013,0.0006,0.0009
particle,985,7.228406667709351,0.9976942790672183,80.51387666350786,0.0006,0.0009
particle,986,7.564026355743408,0.9967638710513711,67.03195570362512,0.0006,0.0009
particle,987,6.044027209281921,0.9980349466204643,62.07471921239332,0.0006,0.0009
particle,988,5.475432872772217,0.9973456747829914,80.13201155244955,0.0006,0.0009
particle,989,5.680911421775818,0.997947882860899,82.3758650953547,0.0006,0.0009
particle,990,9.296453595161438,0.9965252066031098,63.53139771619094,0.0006,0.0009
particle,991,5.534334480762482,0.9977821102365851,53.10129883175661,0.0006,0.0009
particle,992,8.594686031341553,0.9968026671558619,58.83875606234301,0.0006,0.0009
particle,993,5.037714600563049,0.9980602357536554,94.32291462780896,0.0006,0.0009
particle,994,7.417521595954895,0.9971479550004005,97.38852100209242,0.0006,0.0009
particle,995,5.939551293849945,0.9979542214423418,64.01371902432594,0.0006,0.0009
particle,996,6.151056170463562,0.9981761993840337,81.69487787234841,0.0006,0.0009
particle,997,7.104469299316406,0.9970683306455612,53.366635858522514,0.0006,0.0009
particle,998,4.385510981082916,0.9979084199294448,55.12477197340115,0.0006,0.0009
particle,999,4.545338213443756,0.9980401704087853,69.79807805879132,0.0006,0.0009
particle,1000,5.0247111320495605,0.9979608952999115,73.63017985394836,0.0006,0.0009
particle,1001,6.749821186065674,0.9974461225792766,43.03033693863179,0.0006,0.0009
particle,1002,5.265217661857605,0.9977488191798329,58.697333429235066,0.0006,0.0009
particle,1003,5.110418796539307,0.9979926059022546,71.05783191302842,0.0006,0.0009
particle,1004,6.4937485456466675,0.99724180996418,64.48646138518929,0.0006,0.0009
particle,1005,5.649398684501648,0.997710170224309,68.01270628227749,0.0006,0.0009
particle,1006,10.167783737182617,0.9959760680794716,84.76426290360814,0.0006,0.0009
particle,1007,5.279640316963196,0.9979776795953512,42.142608720174394,0.0006,0.0009
particle,1008,5.868775129318237,0.997705603018403,57.671055851660434,0.0006,0.0009
particle,1009,5.207772195339203,0.9980721101164818,97.5482080591767,0.0006,0.0009
particle,1010,6.187631726264954,0.997921840287745,126.39025198318217,0.0006,0.0009
particle,1011,8.104646801948547,0.997378452681005,90.54248480045365,0.0006,0.0009
particle,1012,7.475752830505371,0.997533006593585,70.23243468095308,0.0006,0.0009
particle,1013,5.425845384597778,0.9980356302112341,80.1415671567539,0.0006,0.0009
particle,1014,13.344674348831177,0.9944743476808071,96.48937274149822,0.0006,0.0009
particle,1015,5.193228840827942,0.998157661408186,87.48917400305298,0.0006,0.0009
particle,1016,8.939230680465698,0.9967630533501506,92.15090772265373,0.0006,0.0009
particle,1017,5.2319353222846985,0.9977783020585775,92.04898439265973,0.0006,0.0009
particle,1018,5.381949067115784,0.9980321153998375,78.44868565405338,0.0006,0.0009
particle,1019,7.160457372665405,0.9973068386316299,61.8603018087857,0.0006,0.0009
particle,1020,4.919951915740967,0.9980246536433697,49.456882826054546,0.0006,0.0009
particle,1021,4.076871812343597,0.9976794272661209,60.782744406295464,0.0006,0.0009
particle,1022,6.226728200912476,0.9976003784686327,58.409759146450455,0.0006,0.0009
particle,1023,6.267695426940918,0.9975953055545688,67.19792324397635,0.0006,0.0009
particle,1024,5.835367918014526,0.9978105258196592,79.95083857151864,0.0006,0.0009
particle,1025,7.225406765937805,0.9972861409187317,99.47779853110681,0.0006,0.0009
particle,1026,5.233669877052307,0.9973238548263907,130.4912973112525,0.0006,0.0009
particle,1027,8.466156363487244,0.9965424472466111,135.28867649304527,0.0006,0.0009
particle,1028,5.089327335357666,0.9979815203696489,58.27151908411974,0.0006,0.0009
particle,1029,6.437037229537964,0.9977217139676213,41.83644285790511,0.0006,0.0009
particle,1030,5.8925663232803345,0.9975224556401372,46.229603969511786,0.0006,0.0009
particle,1031,6.746085286140442,0.9974803496152163,71.81361199128814,0.0006,0.0009
particle,1032,6.836430072784424,0.9979003630578518,62.35904652273107,0.0006,0.0009
particle,1033,4.741714954376221,0.9981538457795978,58.376464107890804,0.0006,0.0009
particle,1034,6.147414565086365,0.998054213821888,79.04557413722567,0.0006,0.0009
particle,1035,6.847429275512695,0.997758106328547,69.60489719160059,0.0006,0.0009
particle,1036,4.695407152175903,0.9978976426646113,74.05479180259519,0.0006,0.0009
particle,1037,7.072936475276947,0.9976121187210083,94.40559023880705,0.0006,0.0009
particle,1038,6.4685386419296265,0.9972563851624727,101.09727484929053,0.0006,0.0009
particle,1039,7.3331139087677,0.9979215674102306,119.41380949944383,0.0006,0.0009
particle,1040,6.057941675186157,0.9976178044453263,122.6314618375181,0.0006,0.0009
particle,1041,6.08024275302887,0.9978626584634185,101.49841747605238,0.0006,0.0009
particle,1042,7.0365519523620605,0.9971885411068797,97.27821846706962,0.0006,0.0009
particle,1043,6.470127582550049,0.9977376107126474,65.73295215817048,0.0006,0.0009
particle,1044,6.473307192325592,0.9972209865227342,54.16854094241563,0.0006,0.0009
particle,1045,6.696873903274536,0.997089053504169,74.8064187901159,0.0006,0.0009
particle,1046,7.321804046630859,0.9973177695646882,61.143782580388624,0.0006,0.0009
particle,1047,7.026194989681244,0.997913058847189,63.19919213570174,0.0006,0.0009
particle,1048,5.584317922592163,0.9973084526136518,87.7432877334207,0.0006,0.0009
particle,1049,7.422020673751831,0.9977932944893837,134.32641311282094,0.0006,0.0009
particle,1050,7.896066308021545,0.9972898736596107,98.51350538279131,0.0006,0.0009
particle,1051,7.684627056121826,0.997700922191143,96.90400987630204,0.0006,0.0009
particle,1052,6.573285460472107,0.9969810266047716,90.23192512171316,0.0006,0.0009
particle,1053,5.149631381034851,0.9979835590347648,69.74304547532829,0.0006,0.0009
particle,1054,8.885302066802979,0.997168910689652,63.64030099304233,0.0006,0.0009
particle,1055,7.754216551780701,0.9976185942068696,105.33914637979984,0.0006,0.0009
particle,1056,9.120458364486694,0.9968737345188856,133.7385730848412,0.0006,0.0009
particle,1057,5.629057765007019,0.9979975773021579,67.37983970623065,0.0006,0.0009
particle,1058,10.218737006187439,0.9958034921437502,82.64506568483962,0.0006,0.0009
particle,1059,6.227401494979858,0.9978623799979687,80.0193177453168,0.0006,0.0009
particle,1060,8.889031767845154,0.9972271164879203,81.72408556081807,0.0006,0.0009
particle,1061,5.607093095779419,0.9976260969415307,56.25858950241301,0.0006,0.0009
particle,1062,6.123667597770691,0.9981035403907299,56.799518661126584,0.0006,0.0009
particle,1063,4.95694637298584,0.9978309199213982,55.85776478926946,0.0006,0.0009
particle,1064,4.777654588222504,0.9981823423877358,145.245386419498,0.0006,0.0009
particle,1065,7.922980308532715,0.9973302027210593,95.27481894547898,0.0006,0.0009
particle,1066,6.967254996299744,0.9971204902976751,104.72544795293548,0.0006,0.0009
particle,1067,9.800427436828613,0.9969550566747785,84.54814561760554,0.0006,0.0009
particle,1068,5.181062996387482,0.9980902774259448,61.67499011726491,0.0006,0.0009
particle,1069,7.413862228393555,0.9971746914088726,47.4868057423858,0.0006,0.0009
particle,1070,5.094011187553406,0.9982859948650002,59.88685335899839,0.0006,0.0009
particle,1071,7.938427209854126,0.9973341329023242,72.67516736701084,0.0006,0.0009
particle,1072,3.70634126663208,0.998021581210196,53.6239929933078,0.0006,0.0009
particle,1073,7.248615622520447,0.9976442838087678,65.11126693715278,0.0006,0.0009
particle,1074,4.7211554646492,0.9978945823386312,57.68301492739557,0.0006,0.0009
particle,1075,6.65328186750412,0.9978444473817945,102.61239959722741,0.0006,0.0009
particle,1076,7.175681114196777,0.9972928510978818,95.18713479282601,0.0006,0.0009
particle,1077,5.081686854362488,0.9981627780944109,97.47356462717063,0.0006,0.0009
particle,1078,6.644445478916168,0.9969535684213042,78.69619600159932,0.0006,0.0009
particle,1079,6.86775678396225,0.9975358797237277,63.073243119234334,0.0006,0.0009
particle,1080,4.370678424835205,0.9980226941406727,62.973897561027776,0.0006,0.0009
particle,1081,5.753272533416748,0.9978153444826603,60.48357474760841,0.0006,0.0009
particle,1082,6.908763885498047,0.9973601866513491,57.62396990611042,0.0006,0.0009
particle,1083,5.52289080619812,0.9980693208053708,48.31570703177621,0.0006,0.0009
particle,1084,5.995604753494263,0.9976317174732685,82.69072420166688,0.0006,0.0009
particle,1085,7.035817742347717,0.9978699572384357,101.39098844060425,0.0006,0.0009
particle,1086,6.756710767745972,0.9975233478471637,64.07130962729708,0.0006,0.0009
particle,1087,4.989838242530823,0.9980696523562074,104.74205705743995,0.0006,0.0009
particle,1088,6.72844672203064,0.997402441687882,81.52541989325691,0.0006,0.0009
particle,1089,4.796403408050537,0.9978462103754282,46.354443900960966,0.0006,0.0009
particle,1090,5.02522736787796,0.9975765701383352,75.28704010374975,0.0006,0.0009
particle,1091,8.614875674247742,0.9974633399397135,92.87959493099028,0.0006,0.0009
particle,1092,5.418696880340576,0.9978969385847449,86.53471228167773,0.0006,0.0009
particle,1093,7.177606821060181,0.9977588467299938,81.52863056323733,0.0006,0.0009
particle,1094,5.8343005776405334,0.9979371391236782,61.877484504385265,0.0006,0.0009
particle,1095,4.975423812866211,0.998144218698144,73.96979741638025,0.0006,0.0009
particle,1096,6.537646055221558,0.9977871440351009,75.91114564018265,0.0006,0.0009
particle,1097,7.636471152305603,0.9973056763410568,85.21154857177727,0.0006,0.0009
particle,1098,6.952736139297485,0.9977721814066172,85.85912268424757,0.0006,0.0009
particle,1099,6.912432074546814,0.9980088146403432,79.78766105928267,0.0006,0.0009
particle,1100,6.204986095428467,0.9978596782311797,59.92756744355792,0.0006,0.0009
particle,1101,6.6617653369903564,0.9975220263004303,79.80555074469201,0.0006,0.0009
particle,1102,7.12199592590332,0.9976042080670595,98.53362669067226,0.0006,0.0009
particle,1103,7.958076000213623,0.9974573031067848,78.66673216047879,0.0006,0.0009
particle,1104,5.514426827430725,0.9977116882801056,65.33764643025789,0.0006,0.0009
particle,1105,7.548487842082977,0.9974236069247127,138.35235300906518,0.0006,0.0009
particle,1106,7.410141468048096,0.9977907864376903,79.74357742101205,0.0006,0.0009
particle,1107,7.592416524887085,0.9974471991881728,75.48621463335189,0.0006,0.0009
particle,1108,8.942162990570068,0.9977465681731701,63.77709465247757,0.0006,0.0009
particle,1109,5.7751853466033936,0.998075352050364,122.2401470728395,0.0006,0.0009
particle,1110,9.099177479743958,0.9966875975951552,103.46789458935926,0.0006,0.0009
particle,1111,6.246023893356323,0.9979831390082836,65.77816043907593,0.0006,0.0009
particle,1112,6.48932272195816,0.9974648356437683,74.90416204375285,0.0006,0.0009
particle,1113,5.945990085601807,0.9979234952479601,77.60236610835575,0.0006,0.0009
particle,1114,5.883571267127991,0.998173963278532,81.05263651495859,0.0006,0.0009
particle,1115,8.896768569946289,0.9973526066169143,67.17809224930144,0.0006,0.0009
particle,1116,4.803538382053375,0.998360394500196,68.73343868927884,0.0006,0.0009
particle,1117,5.9245394468307495,0.9981722170487046,83.72875518949981,0.0006,0.0009
particle,1118,7.469654440879822,0.9974693488329649,73.62208411498844,0.0006,0.0009
particle,1119,6.351422190666199,0.9979557208716869,65.34481699091708,0.0006,0.0009
particle,1120,7.766777873039246,0.9971708888188004,63.11746033492713,0.0006,0.0009
particle,1121,4.96575653553009,0.9982276139780879,51.09668306397684,0.0006,0.0009
particle,1122,8.210309743881226,0.9970887945964932,59.91222475307433,0.0006,0.0009
particle,1123,5.287396848201752,0.9984075194224715,76.73907474789709,0.0006,0.0009
particle,1124,8.576046228408813,0.9971746038645506,78.97665112507204,0.0006,0.0009
particle,1125,5.2158790826797485,0.9979723608121276,110.2328202962209,0.0006,0.0009
particle,1126,6.619539260864258,0.9977288916707039,77.12767552062044,0.0006,0.0009
particle,1127,7.026061058044434,0.9979959316551685,76.85031844544103,0.0006,0.0009
particle,1128,7.2700536251068115,0.9972854843363166,68.54806929262557,0.0006,0.0009
particle,1129,5.8593727350234985,0.997627716511488,69.84845344719228,0.0006,0.0009
particle,1130,6.472244024276733,0.997861985117197,55.85957432636325,0.0006,0.0009
particle,1131,5.406493902206421,0.9983345922082663,66.46325840401568,0.0006,0.0009
particle,1132,6.833621144294739,0.9973495146259665,66.78228549939364,0.0006,0.0009
particle,1133,4.839595258235931,0.998416418209672,85.22650669401891,0.0006,0.0009
particle,1134,7.5714393854141235,0.9976013340055943,88.7217259033646,0.0006,0.0009
particle,1135,5.052947759628296,0.9981485139578581,81.56486005265499,0.0006,0.0009
particle,1136,11.013225078582764,0.9964333502575755,74.97413801274745,0.0006,0.0009
particle,1137,6.23622989654541,0.9974599238485098,74.77866293694946,0.0006,0.0009
particle,1138,6.020249545574188,0.9982177838683128,67.89697843491943,0.0006,0.0009
particle,1139,5.517747342586517,0.9978290647268295,67.72293019535003,0.0006,0.0009
particle,1140,5.080805063247681,0.9982158578932285,66.21399145740187,0.0006,0.0009
particle,1141,5.792172193527222,0.9979797638952732,65.19367373712048,0.0006,0.0009
particle,1142,5.63323187828064,0.9979330329224467,61.037221860808884,0.0006,0.0009
particle,1143,8.391788125038147,0.9976500663906336,81.13912044533394,0.0006,0.0009
particle,1144,5.687234401702881,0.9978676494210958,58.07017408195334,0.0006,0.0009
particle,1145,10.234985113143921,0.997652355581522,97.10472239422677,0.0006,0.0009
particle,1146,8.027619481086731,0.9975733440369368,62.46772383484571,0.0006,0.0009
particle,1147,22.954588413238525,0.9946310259401798,136.7788921662069,0.0006,0.0009
particle,1148,8.861239433288574,0.9966537617146969,70.88539028180155,0.0006,0.0009
particle,1149,33.48055028915405,0.9887705072760582,150.91831753202464,0.0006,0.0009
particle,1150,14.450307846069336,0.9950239546597004,83.47734983207859,0.0006,0.0009
particle,1151,23.193528652191162,0.9914817372336984,132.7953013738321,0.0006,0.0009
particle,1152,20.54954481124878,0.993437746539712,85.00123935638315,0.0006,0.0009
particle,1153,20.293999910354614,0.9913737401366234,127.90725825376589,0.0006,0.0009
particle,1154,21.902490377426147,0.9921419816091657,90.36640474600624,0.0006,0.0009
particle,1155,9.275202989578247,0.995781946927309,119.35480118413831,0.0006,0.0009
particle,1156,22.541358470916748,0.9911767710000277,92.45724925283048,0.0006,0.0009
particle,1157,5.244288086891174,0.9969763802364469,96.73906109829767,0.0006,0.0009
particle,1158,9.645776391029358,0.9969556387513876,78.46546251397083,0.0006,0.0009
particle,1159,7.90351665019989,0.996818233281374,96.91253651821374,0.0006,0.0009
particle,1160,7.448123335838318,0.9970894567668438,103.09149804095996,0.0006,0.0009
particle,1161,19.96789312362671,0.98944141715765,141.1868631949996,0.0006,0.0009
particle,1162,14.210927724838257,0.9953780649229884,70.08577676426576,0.0006,0.0009
particle,1163,6.439026713371277,0.9968906845897436,67.80057768650829,0.0006,0.0009
particle,1164,10.100037097930908,0.997100742533803,76.62772837870354,0.0006,0.0009
particle,1165,5.250851035118103,0.9978077281266451,90.70153482918587,0.0006,0.0009
particle,1166,7.744791030883789,0.9975193506106734,104.34902824556282,0.0006,0.0009
particle,1167,7.614754319190979,0.997341176494956,100.67684921323752,0.0006,0.0009
particle,1168,9.189058423042297,0.9971434641629457,95.55695185127999,0.0006,0.0009
particle,1169,7.479481101036072,0.997789803892374,90.06956816569071,0.0006,0.0009
particle,1170,10.881380200386047,0.9962043529376388,79.00883606884696,0.0006,0.0009
particle,1171,9.933831930160522,0.99683453515172,80.52576831087572,0.0006,0.0009
particle,1172,7.373217165470123,0.9978026524186134,71.94442204729481,0.0006,0.0009
particle,1173,7.03606253862381,0.9978589303791523,76.28722260887292,0.0006,0.0009
particle,1174,9.469913482666016,0.9969039242714643,67.66914666166849,0.0006,0.0009
particle,1175,4.661162316799164,0.9980010790750384,66.12914502530623,0.0006,0.0009
particle,1176,6.96543562412262,0.9975202176719904,65.76847556537152,0.0006,0.0009
particle,1177,6.118053436279297,0.9977601524442434,60.24131085377612,0.0006,0.0009
particle,1178,8.474965333938599,0.997332545928657,71.71754633245378,0.0006,0.0009
particle,1179,7.202729940414429,0.997814042493701,56.357923530082715,0.0006,0.0009
particle,1180,5.283029794692993,0.9978932105004787,44.96575149200932,0.0006,0.0009
particle,1181,4.885226845741272,0.997837794944644,69.2218884872509,0.0006,0.0009
particle,1182,9.179224252700806,0.9973631594330072,66.56782903002818,0.0006,0.0009
particle,1183,5.471655488014221,0.997865010984242,71.44857071624861,0.0006,0.0009
particle,1184,7.178636908531189,0.9977101534605026,67.05277058755462,0.0006,0.0009
particle,1185,6.012212157249451,0.9978265725076199,87.96400902191223,0.0006,0.0009
particle,1186,8.073937058448792,0.9974527014419436,70.73284658275954,0.0006,0.0009
particle,1187,5.659458518028259,0.9984596092253923,67.5693858191436,0.0006,0.0009
particle,1188,7.086079120635986,0.9976734584197402,55.684836699128006,0.0006,0.0009
particle,1189,5.553938984870911,0.9985022069886327,109.63035855511468,0.0006,0.0009
particle,1190,10.188820958137512,0.9975065281614661,94.59924105726734,0.0006,0.0009
particle,1191,5.291185200214386,0.9982006913051009,54.05764487519145,0.0006,0.0009
particle,1192,6.456794917583466,0.9978019464761019,81.9990486457033,0.0006,0.0009
particle,1193,6.674688220024109,0.9978929553180933,127.59443596176342,0.0006,0.0009
particle,1194,6.686036467552185,0.9978957502171397,127.90701095823626,0.0006,0.0009
particle,1195,6.294307827949524,0.9978701872751117,99.05157397972093,0.0006,0.0009
particle,1196,4.69822883605957,0.9982214765623212,90.82504121973297,0.0006,0.0009
particle,1197,6.081173658370972,0.9980911873281002,62.781496792253286,0.0006,0.0009
particle,1198,4.5079193115234375,0.9985087169334292,55.86348853616048,0.0006,0.0009
particle,1199,5.130898714065552,0.9980514291673899,52.115540361387175,0.0006,0.0009
particle,1200,3.2704476416110992,0.9984852885827422,42.35395514327271,0.0006,0.0009
